CREATE DATABASE  IF NOT EXISTS `OfiGest` /*!40100 DEFAULT CHARACTER SET latin1 */;
USE `OfiGest`;
-- MySQL dump 10.13  Distrib 5.5.49, for debian-linux-gnu (x86_64)
--
-- Host: 127.0.0.1    Database: OfiGest
-- ------------------------------------------------------
-- Server version	5.5.49-0ubuntu0.14.04.1

/*!40101 SET @OLD_CHARACTER_SET_CLIENT=@@CHARACTER_SET_CLIENT */;
/*!40101 SET @OLD_CHARACTER_SET_RESULTS=@@CHARACTER_SET_RESULTS */;
/*!40101 SET @OLD_COLLATION_CONNECTION=@@COLLATION_CONNECTION */;
/*!40101 SET NAMES utf8 */;
/*!40103 SET @OLD_TIME_ZONE=@@TIME_ZONE */;
/*!40103 SET TIME_ZONE='+00:00' */;
/*!40014 SET @OLD_UNIQUE_CHECKS=@@UNIQUE_CHECKS, UNIQUE_CHECKS=0 */;
/*!40014 SET @OLD_FOREIGN_KEY_CHECKS=@@FOREIGN_KEY_CHECKS, FOREIGN_KEY_CHECKS=0 */;
/*!40101 SET @OLD_SQL_MODE=@@SQL_MODE, SQL_MODE='NO_AUTO_VALUE_ON_ZERO' */;
/*!40111 SET @OLD_SQL_NOTES=@@SQL_NOTES, SQL_NOTES=0 */;

--
-- Table structure for table `clientes`
--

DROP TABLE IF EXISTS `clientes`;
/*!40101 SET @saved_cs_client     = @@character_set_client */;
/*!40101 SET character_set_client = utf8 */;
CREATE TABLE `clientes` (
  `id` int(11) NOT NULL AUTO_INCREMENT,
  `user_id` int(10) NOT NULL,
  `nome` varchar(45) NOT NULL,
  `morada` varchar(255) DEFAULT NULL,
  `telefone` int(15) DEFAULT NULL,
  `telemovel` int(15) DEFAULT NULL,
  `email` varchar(75) DEFAULT NULL,
  `NIF` int(9) DEFAULT NULL,
  PRIMARY KEY (`id`)
) ENGINE=InnoDB AUTO_INCREMENT=7 DEFAULT CHARSET=latin1;
/*!40101 SET character_set_client = @saved_cs_client */;

--
-- Dumping data for table `clientes`
--

LOCK TABLES `clientes` WRITE;
/*!40000 ALTER TABLE `clientes` DISABLE KEYS */;
INSERT INTO `clientes` VALUES (1,5,'José M. Domingos','Rua 23 de Novembro 57',0,918527105,'josedomingos@lavaimagem.net',234593270),(2,4,'Luis Costa','Criação Velha',0,91,'luiscosta@lavaimagem.net',0),(3,0,' Cliente Sem Ficha',NULL,NULL,NULL,NULL,NULL),(5,11,'Vitor Manso',NULL,NULL,NULL,'josemdomingos@gmail.com',NULL),(6,1,'Pedro Freitas',NULL,NULL,NULL,NULL,NULL);
/*!40000 ALTER TABLE `clientes` ENABLE KEYS */;
UNLOCK TABLES;

--
-- Table structure for table `clientes_moradas`
--

DROP TABLE IF EXISTS `clientes_moradas`;
/*!40101 SET @saved_cs_client     = @@character_set_client */;
/*!40101 SET character_set_client = utf8 */;
CREATE TABLE `clientes_moradas` (
  `id` int(11) NOT NULL AUTO_INCREMENT,
  `id_cliente` int(11) NOT NULL,
  `morada_rua` varchar(100) NOT NULL,
  `morada_cp_localidade` varchar(70) NOT NULL,
  PRIMARY KEY (`id`),
  KEY `fk_clientes_moradas_em_clientes` (`id_cliente`),
  CONSTRAINT `fk_clientes_moradas_em_clientes` FOREIGN KEY (`id_cliente`) REFERENCES `clientes` (`id`) ON DELETE NO ACTION ON UPDATE NO ACTION
) ENGINE=InnoDB AUTO_INCREMENT=5 DEFAULT CHARSET=latin1;
/*!40101 SET character_set_client = @saved_cs_client */;

--
-- Dumping data for table `clientes_moradas`
--

LOCK TABLES `clientes_moradas` WRITE;
/*!40000 ALTER TABLE `clientes_moradas` DISABLE KEYS */;
INSERT INTO `clientes_moradas` VALUES (1,1,'Rua 23 de Novembro, 7','9950-024 - Bandeiras'),(2,1,'teste','teste'),(3,2,'teste 1','teste 2'),(4,2,'rua de teste, 1 ','1234 localidade');
/*!40000 ALTER TABLE `clientes_moradas` ENABLE KEYS */;
UNLOCK TABLES;

--
-- Table structure for table `clientes_veiculos`
--

DROP TABLE IF EXISTS `clientes_veiculos`;
/*!40101 SET @saved_cs_client     = @@character_set_client */;
/*!40101 SET character_set_client = utf8 */;
CREATE TABLE `clientes_veiculos` (
  `id_cliente` int(11) NOT NULL,
  `id_veiculo` varchar(8) NOT NULL,
  `data` date DEFAULT NULL,
  PRIMARY KEY (`id_cliente`,`id_veiculo`),
  KEY `fk_clientes_veiculos_em_veiculos_idx` (`id_veiculo`),
  CONSTRAINT `fk_clientes_veiculos_em_clientes` FOREIGN KEY (`id_cliente`) REFERENCES `clientes` (`id`) ON DELETE NO ACTION ON UPDATE NO ACTION,
  CONSTRAINT `fk_clientes_veiculos_em_veiculos` FOREIGN KEY (`id_veiculo`) REFERENCES `veiculos` (`matricula`) ON DELETE NO ACTION ON UPDATE NO ACTION
) ENGINE=InnoDB DEFAULT CHARSET=latin1;
/*!40101 SET character_set_client = @saved_cs_client */;

--
-- Dumping data for table `clientes_veiculos`
--

LOCK TABLES `clientes_veiculos` WRITE;
/*!40000 ALTER TABLE `clientes_veiculos` DISABLE KEYS */;
INSERT INTO `clientes_veiculos` VALUES (1,'36-37-AR','2011-01-01'),(2,'74-59-RD','2012-05-16');
/*!40000 ALTER TABLE `clientes_veiculos` ENABLE KEYS */;
UNLOCK TABLES;

--
-- Table structure for table `contact`
--

DROP TABLE IF EXISTS `contact`;
/*!40101 SET @saved_cs_client     = @@character_set_client */;
/*!40101 SET character_set_client = utf8 */;
CREATE TABLE `contact` (
  `id` int(10) unsigned NOT NULL AUTO_INCREMENT,
  `name` varchar(70) COLLATE utf8_unicode_ci NOT NULL,
  `email` varchar(70) COLLATE utf8_unicode_ci NOT NULL,
  `comments` text COLLATE utf8_unicode_ci NOT NULL,
  `created_at` timestamp NOT NULL DEFAULT CURRENT_TIMESTAMP,
  `read_at` datetime DEFAULT NULL,
  PRIMARY KEY (`id`)
) ENGINE=InnoDB AUTO_INCREMENT=4 DEFAULT CHARSET=utf8 COLLATE=utf8_unicode_ci;
/*!40101 SET character_set_client = @saved_cs_client */;

--
-- Dumping data for table `contact`
--

LOCK TABLES `contact` WRITE;
/*!40000 ALTER TABLE `contact` DISABLE KEYS */;
INSERT INTO `contact` VALUES (1,'José Maria Domingos','josedomingos@lavaimagem.net','Esta mensagem foi um teste.','2016-03-31 10:32:31',NULL),(2,'Joe','joe@mil.com','teste','2016-05-06 11:34:11','2016-05-06 15:05:17'),(3,'Joe','joe@mil.com','teste','2016-05-06 11:36:35',NULL);
/*!40000 ALTER TABLE `contact` ENABLE KEYS */;
UNLOCK TABLES;

--
-- Table structure for table `email_confirmations`
--

DROP TABLE IF EXISTS `email_confirmations`;
/*!40101 SET @saved_cs_client     = @@character_set_client */;
/*!40101 SET character_set_client = utf8 */;
CREATE TABLE `email_confirmations` (
  `id` int(10) unsigned NOT NULL AUTO_INCREMENT,
  `usersId` int(10) unsigned NOT NULL,
  `code` char(32) NOT NULL,
  `createdAt` int(10) unsigned NOT NULL,
  `modifiedAt` int(10) unsigned DEFAULT NULL,
  `confirmed` char(1) DEFAULT 'N',
  PRIMARY KEY (`id`)
) ENGINE=InnoDB AUTO_INCREMENT=7 DEFAULT CHARSET=utf8;
/*!40101 SET character_set_client = @saved_cs_client */;

--
-- Dumping data for table `email_confirmations`
--

LOCK TABLES `email_confirmations` WRITE;
/*!40000 ALTER TABLE `email_confirmations` DISABLE KEYS */;
INSERT INTO `email_confirmations` VALUES (1,6,'zDjqcvzHoFnZmUbVYC4NBrgl2NuiaVoi',1461065748,NULL,'N'),(2,7,'FClOiaRBbTdUtKEsJfp2IhP6xvV1Ssw',1461065791,NULL,'N'),(3,8,'6QKnHbc2ReeZ8hUoapAIVSnQayJjYakz',1461066377,NULL,'N'),(4,9,'oabJhRyrisxdXkQ7WUrEVs5AZzcrdGRn',1461067484,NULL,'N'),(5,10,'owveNlOmW2jQsplCsmqnh5L7C2cqHTTa',1461067663,NULL,'N'),(6,11,'YbOPVml42cur1gVD0TIty2Kau2XMnKt',1461068200,NULL,'N');
/*!40000 ALTER TABLE `email_confirmations` ENABLE KEYS */;
UNLOCK TABLES;

--
-- Table structure for table `failed_logins`
--

DROP TABLE IF EXISTS `failed_logins`;
/*!40101 SET @saved_cs_client     = @@character_set_client */;
/*!40101 SET character_set_client = utf8 */;
CREATE TABLE `failed_logins` (
  `id` int(10) unsigned NOT NULL AUTO_INCREMENT,
  `usersId` int(10) unsigned DEFAULT NULL,
  `ipAddress` char(15) NOT NULL,
  `attempted` smallint(5) unsigned NOT NULL,
  PRIMARY KEY (`id`),
  KEY `usersId` (`usersId`)
) ENGINE=InnoDB AUTO_INCREMENT=7 DEFAULT CHARSET=utf8;
/*!40101 SET character_set_client = @saved_cs_client */;

--
-- Dumping data for table `failed_logins`
--

LOCK TABLES `failed_logins` WRITE;
/*!40000 ALTER TABLE `failed_logins` DISABLE KEYS */;
INSERT INTO `failed_logins` VALUES (1,0,'127.0.0.1',65535),(2,0,'127.0.0.1',65535),(3,0,'127.0.0.1',65535),(4,0,'127.0.0.1',65535),(5,0,'127.0.0.1',65535),(6,0,'127.0.0.1',65535);
/*!40000 ALTER TABLE `failed_logins` ENABLE KEYS */;
UNLOCK TABLES;

--
-- Table structure for table `intervencoes`
--

DROP TABLE IF EXISTS `intervencoes`;
/*!40101 SET @saved_cs_client     = @@character_set_client */;
/*!40101 SET character_set_client = utf8 */;
CREATE TABLE `intervencoes` (
  `id` int(11) NOT NULL AUTO_INCREMENT,
  `id_manutencoes` int(9) NOT NULL,
  `id_tipo_intervencao` int(4) NOT NULL,
  `desc_intervencao` varchar(255) DEFAULT NULL,
  `data_intervencao` date NOT NULL,
  `custo_intervencao` double(5,2) NOT NULL,
  PRIMARY KEY (`id`),
  KEY `fk_intervencoes_em_manutencoes_idx` (`id_manutencoes`),
  KEY `fk_intervencoes_em_tipo_intervencao_idx` (`id_tipo_intervencao`),
  CONSTRAINT `fk_intervencoes_em_manutencoes` FOREIGN KEY (`id_manutencoes`) REFERENCES `manutencoes` (`id`) ON DELETE NO ACTION ON UPDATE NO ACTION,
  CONSTRAINT `fk_intervencoes_em_tipo_intervencao` FOREIGN KEY (`id_tipo_intervencao`) REFERENCES `intervencoes_tipos` (`id_tipo_intervencao`) ON DELETE NO ACTION ON UPDATE NO ACTION
) ENGINE=InnoDB AUTO_INCREMENT=6 DEFAULT CHARSET=latin1;
/*!40101 SET character_set_client = @saved_cs_client */;

--
-- Dumping data for table `intervencoes`
--

LOCK TABLES `intervencoes` WRITE;
/*!40000 ALTER TABLE `intervencoes` DISABLE KEYS */;
INSERT INTO `intervencoes` VALUES (1,1,3,'teste','2016-04-07',10.00),(2,1,4,'teste','2016-04-01',11.00),(3,2,6,'teste','2016-04-14',100.00),(4,2,2,'teste','2016-04-14',30.00),(5,3,4,'teste','2016-04-13',65.00);
/*!40000 ALTER TABLE `intervencoes` ENABLE KEYS */;
UNLOCK TABLES;

--
-- Table structure for table `intervencoes_tipos`
--

DROP TABLE IF EXISTS `intervencoes_tipos`;
/*!40101 SET @saved_cs_client     = @@character_set_client */;
/*!40101 SET character_set_client = utf8 */;
CREATE TABLE `intervencoes_tipos` (
  `id_tipo_intervencao` int(4) NOT NULL AUTO_INCREMENT,
  `desc_tipo_intervencao` varchar(100) NOT NULL,
  PRIMARY KEY (`id_tipo_intervencao`)
) ENGINE=InnoDB AUTO_INCREMENT=10 DEFAULT CHARSET=utf8;
/*!40101 SET character_set_client = @saved_cs_client */;

--
-- Dumping data for table `intervencoes_tipos`
--

LOCK TABLES `intervencoes_tipos` WRITE;
/*!40000 ALTER TABLE `intervencoes_tipos` DISABLE KEYS */;
INSERT INTO `intervencoes_tipos` VALUES (1,'Mudança do óleo do motor'),(2,'Mudança do óleo da caixa'),(3,'Mudança do óleo do diferencial'),(4,'Mudança de pneus'),(5,'Mudança da embraiagem'),(6,'Mudança da correia de comando'),(7,'Mudança do Filtro de Cumbustível'),(8,'Mudança do Filtro de Ar'),(9,'Mudança do filtro de óleo');
/*!40000 ALTER TABLE `intervencoes_tipos` ENABLE KEYS */;
UNLOCK TABLES;

--
-- Table structure for table `manutencoes`
--

DROP TABLE IF EXISTS `manutencoes`;
/*!40101 SET @saved_cs_client     = @@character_set_client */;
/*!40101 SET character_set_client = utf8 */;
CREATE TABLE `manutencoes` (
  `id` int(9) NOT NULL AUTO_INCREMENT,
  `data` date NOT NULL,
  `id_cliente` int(11) NOT NULL,
  `id_veiculo` varchar(8) NOT NULL,
  `inspecionado_ate` date DEFAULT NULL,
  `kilometragem` int(6) DEFAULT NULL,
  PRIMARY KEY (`id`),
  KEY `fk_manutencoes_em_clientes_idx` (`id_cliente`),
  KEY `fk_manutencoes_em_veiculos` (`id_veiculo`),
  CONSTRAINT `fk_manutencoes_em_clientes` FOREIGN KEY (`id_cliente`) REFERENCES `clientes` (`id`) ON DELETE NO ACTION ON UPDATE NO ACTION,
  CONSTRAINT `fk_manutencoes_em_veiculos` FOREIGN KEY (`id_veiculo`) REFERENCES `veiculos` (`matricula`) ON DELETE NO ACTION ON UPDATE NO ACTION
) ENGINE=InnoDB AUTO_INCREMENT=5 DEFAULT CHARSET=latin1;
/*!40101 SET character_set_client = @saved_cs_client */;

--
-- Dumping data for table `manutencoes`
--

LOCK TABLES `manutencoes` WRITE;
/*!40000 ALTER TABLE `manutencoes` DISABLE KEYS */;
INSERT INTO `manutencoes` VALUES (1,'2016-04-06',1,'36-37-AR','2016-07-20',218918),(2,'2016-04-01',1,'36-37-AR','2016-07-01',219340),(3,'2016-04-14',2,'74-59-RD','2016-06-16',200000),(4,'2016-05-10',1,'36-37-AR','2016-05-31',300203);
/*!40000 ALTER TABLE `manutencoes` ENABLE KEYS */;
UNLOCK TABLES;

--
-- Table structure for table `manutencoes_agendadas`
--

DROP TABLE IF EXISTS `manutencoes_agendadas`;
/*!40101 SET @saved_cs_client     = @@character_set_client */;
/*!40101 SET character_set_client = utf8 */;
CREATE TABLE `manutencoes_agendadas` (
  `id` int(11) NOT NULL AUTO_INCREMENT,
  `id_cliente` int(11) NOT NULL,
  `matricula` varchar(8) NOT NULL,
  `data` date NOT NULL,
  `hora` time DEFAULT NULL,
  `mensagem` varchar(250) DEFAULT NULL,
  `id_morada` int(11) NOT NULL DEFAULT '0',
  `aguarda_orcamento` char(1) NOT NULL DEFAULT '0',
  `orcamento` double(4,2) DEFAULT NULL,
  `doneByCliLogin` char(1) NOT NULL DEFAULT 'N',
  `caraterUrgencia` int(1) NOT NULL DEFAULT '0',
  `confirmed` tinyint(1) NOT NULL DEFAULT '0',
  `status` varchar(45) NOT NULL DEFAULT 'reservaWeb',
  PRIMARY KEY (`id`),
  KEY `fk_manutencoes_agendadas_em_clientes_idx` (`id_cliente`),
  KEY `fk_manutencoes_agendadas_em_clientes_moradas_idx` (`id_morada`),
  CONSTRAINT `fk_manutencoes_agendadas_em_clientes` FOREIGN KEY (`id_cliente`) REFERENCES `clientes` (`id`) ON DELETE NO ACTION ON UPDATE NO ACTION
) ENGINE=InnoDB AUTO_INCREMENT=11 DEFAULT CHARSET=latin1;
/*!40101 SET character_set_client = @saved_cs_client */;

--
-- Dumping data for table `manutencoes_agendadas`
--

LOCK TABLES `manutencoes_agendadas` WRITE;
/*!40000 ALTER TABLE `manutencoes_agendadas` DISABLE KEYS */;
INSERT INTO `manutencoes_agendadas` VALUES (1,1,'36-37-AR','2016-05-10','11:00:00','teste',0,'1',0.00,'S',0,1,'reservaWeb'),(2,2,'74-59-RD','2016-05-02','10:30:00','Esta manutenção é um teste!',0,'0',NULL,'S',1,0,'reservaAdm'),(3,1,'36-37-AR','2016-05-02','15:00:00','teste',0,'0',NULL,'N',0,1,'confirmado'),(6,1,'23-45-SD','2016-05-03','10:00:00','Isto é um texto de teste para ver como a janela age se o txto for grande!',0,'1',99.99,'N',1,0,'confirmado'),(7,1,'36-37-AR','2016-04-29','10:30:00','Mudança de Óleos e Filtros',0,'1',0.00,'N',0,1,'confirmado'),(8,2,'74-59-RD','2016-05-02','09:30:00','testado',0,'1',NULL,'S',1,0,'reservaWeb'),(9,2,'74-59-RD','2016-05-02','09:30:00','teste insersão confirm',0,'0',NULL,'S',0,0,'reservaWeb'),(10,2,'74-59-RD','2016-05-26','16:30:00','teste',0,'0',NULL,'S',0,0,'reservaWeb');
/*!40000 ALTER TABLE `manutencoes_agendadas` ENABLE KEYS */;
UNLOCK TABLES;

--
-- Table structure for table `marcas`
--

DROP TABLE IF EXISTS `marcas`;
/*!40101 SET @saved_cs_client     = @@character_set_client */;
/*!40101 SET character_set_client = utf8 */;
CREATE TABLE `marcas` (
  `id` int(3) NOT NULL AUTO_INCREMENT,
  `marca` varchar(45) NOT NULL,
  PRIMARY KEY (`id`)
) ENGINE=InnoDB AUTO_INCREMENT=183 DEFAULT CHARSET=latin1;
/*!40101 SET character_set_client = @saved_cs_client */;

--
-- Dumping data for table `marcas`
--

LOCK TABLES `marcas` WRITE;
/*!40000 ALTER TABLE `marcas` DISABLE KEYS */;
INSERT INTO `marcas` VALUES (1,'Acura'),(2,'Agrales'),(3,'Alfa Romeo'),(4,'AM Gen'),(5,'Asia Motors'),(6,'Audi'),(7,'BMW'),(8,'BRM'),(9,'Buggy'),(10,'Cadillac'),(11,'CBT Jipe'),(12,'Chrysler'),(13,'Citroën'),(14,'Cross Lander'),(15,'Daewoo'),(16,'Daihatsu'),(17,'Dodge'),(18,'Engesa'),(19,'Envemo'),(20,'Ferrari'),(21,'Fiat'),(22,'Ford'),(23,'GM - Chevrolet'),(24,'Gurgel'),(25,'Honda'),(26,'Hyundai'),(27,'Isuzu'),(28,'Jaguar'),(29,'Jeep'),(30,'JPX'),(31,'Kia Motors'),(32,'Lada'),(33,'Land Rover'),(34,'Lexus'),(35,'Lotus'),(36,'Maserati'),(37,'Matra'),(38,'Mazda'),(39,'Mercedes-Benz'),(40,'Mercury'),(41,'Mitsubishi'),(42,'Miura'),(43,'Nissan'),(44,'Peugeot'),(45,'Plymouth'),(46,'Pontiac'),(47,'Porsche'),(48,'Renault'),(49,'Rover'),(50,'Saab'),(51,'Saturn'),(52,'Seat'),(54,'Subaru'),(55,'Suzuki'),(56,'Toyota'),(57,'Troller'),(58,'Volvo'),(59,'VW - VolksWagen'),(120,'Walk'),(123,'Bugre'),(125,'SSANGYONG'),(127,'LOBINI'),(136,'CHANA'),(140,'Mahindra'),(147,'EFFA'),(149,'Fibravan'),(152,'HAFEI'),(153,'GREAT WALL'),(154,'JINBEI'),(156,'MINI'),(157,'smart'),(161,'CHERY'),(163,'Wake'),(165,'TAC'),(167,'MG'),(168,'LIFAN'),(170,'Fyber'),(171,'LAMBORGHINI'),(177,'JAC'),(182,'CHANGAN');
/*!40000 ALTER TABLE `marcas` ENABLE KEYS */;
UNLOCK TABLES;

--
-- Table structure for table `modelos`
--

DROP TABLE IF EXISTS `modelos`;
/*!40101 SET @saved_cs_client     = @@character_set_client */;
/*!40101 SET character_set_client = utf8 */;
CREATE TABLE `modelos` (
  `id` varchar(8) NOT NULL,
  `modelo` varchar(255) NOT NULL,
  `marca` int(3) NOT NULL,
  PRIMARY KEY (`id`),
  KEY `fk_modelos_1_idx` (`marca`),
  CONSTRAINT `fk_modelos_em_marcas` FOREIGN KEY (`marca`) REFERENCES `marcas` (`id`) ON DELETE NO ACTION ON UPDATE NO ACTION
) ENGINE=InnoDB DEFAULT CHARSET=latin1;
/*!40101 SET character_set_client = @saved_cs_client */;

--
-- Dumping data for table `modelos`
--

LOCK TABLES `modelos` WRITE;
/*!40000 ALTER TABLE `modelos` DISABLE KEYS */;
INSERT INTO `modelos` VALUES ('001001-4','Fiorino Furgão 1.5 mpi / i.e.',21),('001002-2','Fiorino Pick-Up Working 1.5 mpi / i.e.',21),('001003-0','Fiorino Pick-Up Trekking 1.5 mpi / i.e.',21),('001004-9','Palio EX 1.0 mpi 2p',21),('001005-7','Palio EX 1.0 mpi 4p',21),('001006-5','Palio ED 1.0 mpi 2p e 4p',21),('001007-3','Palio EDX 1.0 mpi 2p',21),('001008-1','Palio EDX 1.0 mpi 4p',21),('001009-0','Palio 1.6 mpi 16V 2p',21),('001010-3','Palio Weekend 1.5 mpi 4p',21),('001011-1','Palio Weekend 1.6 mpi 16V 4p',21),('001012-0','Palio Weekend Stile 1.6 mpi 16V 4p',21),('001013-8','Palio Weekend Sport 1.6 mpi 16V 4p',21),('001014-6','Siena EL 1.6 spi',21),('001015-4','Siena EL 1.6 mpi 16V',21),('001016-2','Siena HL 1.6 mpi 16V',21),('001017-0','Siena Stile/Sport MTV 1.6 mpi 16V',21),('001018-9','Uno Mille/ Mille EX/ Smart 2p',21),('001020-0','Uno Mille SX 2p e 4p',21),('001021-9','Uno Furgão 1.5 mpi/i.e.',21),('001022-7','Elba S 1.6/ 1.5ie / 1.5 / 1.3',21),('001023-5','Elba CS 1.6 / 1.5 /1.3',21),('001024-3','Elba Weekend 1.5 i.e. 2p e 4p',21),('001025-1','Elba 1.6i.e/Top/CSL/ 1.6i.e/1.5 2p e 4p',21),('001026-0','Fiorino Furgão 1.0',21),('001027-8','Fiorino Furg.1.5/1.3/1.3 Fire/1.3 F.Flex',21),('001028-6','Fiorino Pick-Up 1.0',21),('001029-4','Fiorino Pick-Up 1.5 i.e. / 1.3/1.5 /HD/',21),('001030-8','Fiorino Pick-Up LX ( todas)',21),('001031-6','Palio EL 1.5 mpi 2p e 4p',21),('001032-4','Premio S 1.5 i.e./ 1.5 / 1.3',21),('001033-2','Premio CS 1.6/ 1.5/ 1.3 2p',21),('001034-0','Premio CS 1.5 i.e. 2p/ SL 1.6/1.5/1.3 4p',21),('001035-9','Premio CSL 1.6/ 1.5',21),('001036-7','Premio CSL 1.6 i.e./ 1.5 4p',21),('001037-5','Tempra 2.0 i.e 16V 2p e 4p',21),('001038-3','Tempra Ouro/Prata 2.0 2p e 4p',21),('001039-1','Tempra SX 2.0 i.e. 8V 4p',21),('001040-5','Tempra Ouro 16V 2p e 4p',21),('001041-3','Tempra SX 2.0 16V 4p',21),('001042-1','Tempra HLX 2.0 16V 4p',21),('001043-0','Tempra Turbo 2.0 i.e. 2p',21),('001044-8','Tempra Stile 2.0 i.e. Turbo 4p',21),('001045-6','Tipo 1.6 mpi 4p',21),('001046-4','Uno Mille 1.0/ i.e./ Electronic/  Brio',21),('001047-2','Uno Mille 1.0 Electronic 4p',21),('001048-0','Uno Mille  ELX  2p e 4p',21),('001049-9','Uno Furgão 1.5/ 1.3',21),('001050-2','Uno S 1.5 i.e. / 1.5 / 1.3/ SX 1.3',21),('001051-0','Uno CS/Top/Sport 1.5 i.e. / 1.5 /1.3',21),('001052-9','Uno CS/Top/Sport 1.5 i.e. / 1.5 4p',21),('001053-7','Uno CSL 1.6 4p (Argentino)',21),('001054-5','Uno 1.6 mpi 2p e 4p',21),('001055-3','Uno 1.6R mpi / 1.6R / 1.5R',21),('001056-1','Uno Turbo 1.4 i.e. 2p',21),('001057-0','Coupe 16V',21),('001058-8','Tempra SW SLX 2.0 i.e.',21),('001059-6','Tipo 1.6 i.e. 2p e 4p',21),('001061-8','Tipo 2.0 16V 2p',21),('001062-6','Tipo 2.0 SLX 4p',21),('001063-4','Palio EL 1.6 spi 2p e 4p',21),('001064-2','Uno Mille EP 2p e 4p',21),('001065-0','Palio ELX/ 500 1.0 4p',21),('001066-9','Palio ELX 1.0/ 1.0 Fire Flex 8V 2p',21),('001067-7','Palio City 1.0 4p',21),('001068-5','Palio ELX 1.6 4p',21),('001069-3','Palio City 1.5/1.6 4p',21),('001070-7','Palio 1.6 mpi 16V 4p',21),('001071-5','Palio ELX 1.5 4p',21),('001073-1','Palio Weekend ELX 1.6 mpi',21),('001074-0','Palio Weekend EX 1.5 mpi',21),('001075-8','Palio Weekend ELX 1.5 mpi 4p',21),('001076-6','Siena City 4p',21),('001077-4','Siena ELX 1.6 mpi 8V/16V 4p',21),('001078-2','Siena 1.0 mpi/ 500 1.0 mpi',21),('001079-0','Marea City',21),('001080-4','Marea SX 2.0 20V 4p',21),('001081-2','Marea ELX 2.0 20V 4p',21),('001082-0','Marea HLX 2.0 20V 4p',21),('001083-9','Marea Turbo 2.0 20V 4p',21),('001084-7','Marea Weekend City 4p',21),('001085-5','Marea Weekend SX 2.0 20V 4p',21),('001086-3','Marea Weekend ELX 2.0 20V 4p',21),('001087-1','Marea Weekend HLX 2.0 20V 4p',21),('001088-0','Marea Weekend Turbo 2.0 20V 4p',21),('001089-8','Strada/ Strada Working 1.5 mpi 8V CS',21),('001090-1','Strada Trekking 1.6 mpi',21),('001091-0','Strada LX 1.6 mpi 16V',21),('001092-8','Tempra 2.0 i.e. 8V 2p e 4p',21),('001093-6','Tempra 2.0 mpi 16V',21),('001094-4','Uno City / Smart City 1.0 4p',21),('001095-2','Ducato-15 Furgão 2.8 Diesel',21),('001096-0','Ducato Furgão Maxi 2.8 Diesel',21),('001098-7','Ducato Combinato 2.8 Diesel',21),('001100-2','Ducato Minibus 2.8 Diesel',21),('001102-9','Tempra 8V/ City 8V',21),('001103-7','Uno Mille SX Young 1.0 IE',21),('001104-5','Palio Weekend 1.0 6-marchas',21),('001105-3','Oggi',21),('001106-1','Ducato Combinato 2.8 Turbo Diesel',21),('001107-0','Ducato MaxiCargo/Furgão Maxi 2.8 TB Dies',21),('001108-8','Ducato Minibus 2.8 Turbo Diesel',21),('001109-6','Brava SX 1.6 16V 4p',21),('001110-0','Brava ELX  1.6 16V 4p',21),('001111-8','Palio Weekend Adventure 1.6 8v/16v',21),('001112-6','Siena ELX 1.5 mpi 4p',21),('001113-4','Strada LX 1.6 16V CE',21),('001114-2','Marea SX 1.8 16V 4p',21),('001115-0','Palio CityMatic 1.0 mpi',21),('001116-9','Panorama C/CL',21),('001117-7','Punto EL/ELX',21),('001118-5','Punto S',21),('001119-3','Punto SX',21),('001120-7','Punto Cabrio',21),('001122-3','Strada/ Strada Working 1.5 mpi 8V CE',21),('001123-1','147 Pick-Up (todas )',21),('001124-0','147 C/ CL',21),('001127-4','Bravo SX 1.6',21),('001128-2','Cinquecento 0.7',21),('001129-0','Duna 1.6ie',21),('001130-4','Ducato-10 Furgão 2.5 Diesel',21),('001131-2','Ducato-8 Furgão 2.5 Diesel',21),('001132-0','Ducato Van 2.5  Diesel',21),('001133-9','Marea Weekend SX 1.8 16V 4p',21),('001134-7','Ducato-15 2.8 Furgão TB Diesel',21),('001136-3','Palio Weekend City 1.5/ 1.6 4p',21),('001137-1','Uno Mille/ Mille EX/ Smart 4p',21),('001138-0','147 Furgão (todos)',21),('001140-1','Brava HGT 1.8 mpi 16V  4p',21),('001141-0','Siena ELX 1.3 mpi Fire 16V 4p',21),('001142-8','Palio ELX 1.3 mpi  Fire 16v 4p',21),('001143-6','Palio Weekend ELX 1.3 mpi  Fire 16V',21),('001144-4','Marea ELX 2.4 mpi 20V 4p',21),('001145-2','Marea HLX 2.4 mpi 20V 4p Mec.',21),('001146-0','Marea Weekend ELX 2.4 mpi 20V 4p',21),('001147-9','Marea Weekend HLX 2.4 mpi 20V 4p Mec.',21),('001148-7','Strada Working 1.6 mpi 16V CE',21),('001149-5','Palio Young 1.0 mpi 8v 2p',21),('001150-9','Palio Young 1.0 mpi 8v 4p',21),('001151-7','Palio ELX 1.0 mpi Fire 16v 4p (25 anos)',21),('001152-5','Palio ELX 1.6 mpi 16v 4p',21),('001153-3','Palio EX 1.0 mpi Fire/ Fire Flex 8v 2p',21),('001154-1','Palio EX 1.0 mpi Fire 8v 4p',21),('001155-0','Palio Stile 1.6 mpi 16v 4p',21),('001156-8','Palio Weekend ELX 1.0 mpi Fire 16V',21),('001157-6','Siena EX 1.0 mpi Fire 16v 4p',21),('001158-4','Siena ELX 1.0 mpi Fire 16v 4p (25 anos)',21),('001159-2','Ducato Mult/ Vetrato 2.8 T.Alto TB Dies.',21),('001160-6','Ducato Mult/ Vetrato 2.8 T.Baixo TB Dies',21),('001161-4','Uno Mille 1.0 Fire/ F.Flex/ ECONOMY 2p',21),('001162-2','Uno Mille 1.0 Fire/ F.Flex/ ECONOMY 4p',21),('001163-0','Strada Adventure 1.6 mpi 16V CE',21),('001164-9','Strada Working 1.6 mpi 16V CS',21),('001165-7','Palio Young 1.0 mpi Fire 8V 2p',21),('001166-5','Palio Young 1.0 mpi Fire 8V 4p',21),('001167-3','Doblo EX 1.3 Fire 16V 80cv 4/5p',21),('001168-1','Doblo ELX 1.6 16V 4/5p',21),('001169-0','Doblo Cargo 1.6 16V 4/5p',21),('001170-3','Doblo Cargo 1.3 Fire 16V 4/5p',21),('001171-1','Palio EX Century 1.0 mpi Fire 16v 2p',21),('001172-0','Palio EX Century 1.0 mpi Fire 16v 4p',21),('001173-8','Marea HLX 2.4 mpi 20V 4p Aut.',21),('001174-6','Marea Weekend HLX 2.4 mpi 20V 4p Aut.',21),('001175-4','Siena 1.0/ EX 1.0 mpi Fire/ Fire Flex 8v',21),('001176-2','Palio 1.0/ Trofeo 1.0 Fire/ Fire Flex 2p',21),('001177-0','Palio 1.0/ Trofeo 1.0 Fire/ Fire Flex 4p',21),('001178-9','Palio EX 1.3 mpi Fire 8V 67cv 2p',21),('001179-7','Palio EX 1.3 mpi Fire 8V 67cv 4p',21),('001180-0','Stilo 1.8/ 1.8 Connect 8V 103cv 5p',21),('001181-9','Stilo 1.8/ 1.8 SP/ Connect 16V 122cv 5p',21),('001182-7','Stilo 2.4 Abarth 20V 167cv 5p',21),('001183-5','Strada 1.3 mpi Fire 8V 67cv CS',21),('001184-3','Strada 1.3 mpi Fire 8V 67cv CE',21),('001185-1','Marea ELX 1.8 mpi 16V 132cv 4p',21),('001186-0','Marea Weekend ELX 1.8 mpi 16V 132cv 4p',21),('001187-8','Strada Working 1.8 mpi 8V 103cv CS',21),('001188-6','Strada Working 1.8 mpi 8v 103cv CE',21),('001189-4','Strada Adventure 1.8 mpi 8V 103cv CE',21),('001190-8','Ducato Cargo 2.8 Curto/Longo TB Diesel',21),('001191-6','Palio Weekend EX 1.3 mpi Fire 8V 67cv 4p',21),('001192-4','Palio Weekend EX 1.8 mpi 8V 103cv 4p',21),('001193-2','Palio Weekend Stile 1.8 mpi 8V 103cv 4p',21),('001194-0','Palio Weekend Adventure 1.8 8V 103cv 4p',21),('001195-9','Palio EX 1.8 mpi 8V 103cv 4p',21),('001196-7','Palio ELX 1.8/ 1.8 mpi Flex 8V 4p',21),('001197-5','Siena EX 1.8 mpi 8V 103cv 4p',21),('001198-3','Siena EX 1.3 mpi Fire 8V 67cv 4p',21),('001199-1','Siena ELX 1.8 mpi 8V 103cv 4p',21),('001200-9','Palio 1.5 mpi 8V 2p',21),('001201-7','Palio 1.5 mpi 8V 4p',21),('001202-5','Siena 1.5 mpi 8V 4p',21),('001203-3','Uno Furgão 1.3 mpi Fire/ Fire Flex 8V',21),('001204-1','Doblo Adventure/ Adv.ER 1.8 mpi 8V 103cv',21),('001205-0','Doblo ELX 1.8 mpi 8V 103cv',21),('001206-8','Doblo Cargo 1.8 mpi 8V 103cv',21),('001207-6','Palio ELX 1.0 mpi Fire/ Fire Flex 8V 4p',21),('001208-4','Palio ELX 1.3 mpi Flex 8V 4p',21),('001209-2','Palio HLX 1.8 mpi 8V 103cv 4p',21),('001210-6','Palio HLX 1.8 mpi Flex 8V 4p',21),('001211-4','Siena ELX 1.0 mpi Fire/Fire Flex 8V 4p',21),('001212-2','Siena ELX 1.3 mpi Flex 8V 4p',21),('001213-0','Siena HLX 1.8 mpi Flex 8V 4p',21),('001214-9','Palio Weekend ELX 1.3 mpi Flex 8V 4p',21),('001215-7','Palio Weekend HLX 1.8 mpi Flex 4p',21),('001216-5','Palio Week. Adv/Adv TRYON 1.8 mpi Flex',21),('001217-3','Strada Trekking 1.8 mpi Flex 8V CS',21),('001218-1','Strada Trekking 1.8 mpi Flex 8V CE',21),('001219-0','Strada Adv/Adv TRYON 1.8 mpi Flex 8V CE',21),('001220-3','Stilo 1.8 MS Lim.Edit./ MS Season 16V',21),('001221-1','Strada 1.4 mpi Fire Flex 8V CS',21),('001222-0','Strada 1.4 mpi Fire Flex 8V CE',21),('001223-8','Palio ELX 1.4 mpi Fire Flex 8V 4p',21),('001224-6','Siena ELX 1.4 mpi Fire Flex 8V 4p',21),('001225-4','Palio Weekend ELX 1.4 mpi Fire Flex 8V',21),('001226-2','Marea SX 1.6 mpi 16V 106cv 4p',21),('001227-0','Marea Weekend SX 1.6 mpi 16V 106cv 4p',21),('001228-9','Idea ELX 1.4 mpi Fire Flex 8V 5p',21),('001229-7','Idea HLX 1.8 mpi Flex 8V 5p',21),('001230-0','Stilo 1.8/ 1.8 Connect Flex 8V 5p',21),('001231-9','Palio 1.8R mpi Flex 8V 4p',21),('001232-7','Strada Trekking 1.4 mpi Fire Flex 8V CS',21),('001233-5','Strada Trekking 1.4 mpi Fire Flex 8V CE',21),('001234-3','Doblo Adv/Adv TRYON/LOCKER 1.8 Flex',21),('001235-1','Doblo Cargo 1.8 mpi Flex',21),('001236-0','Doblo ELX 1.8 mpi 8V Flex',21),('001237-8','Palio Celebration 1.0 Fire Flex 8V 2p',21),('001238-6','Palio Celebration 1.0 Fire Flex 8V 4p',21),('001239-4','Siena Celebration 1.0 Fire Flex 8V 4p',21),('001240-8','Doblo HLX 1.8 mpi Flex 5p',21),('001241-6','Siena TETRAFUEL 1.4 mpi Fire Flex 8v 4p',21),('001242-4','Idea Advent./ Adv.LOCKER 1.8 mpi Flex 5p',21),('001243-2','Stilo 1.8 SP Flex 8V 5p',21),('001244-0','Palio 1.8R mpi Flex 8V 2p',21),('001245-9','Uno Mille Celeb/Celeb.ECON 1.0 F.Flex 2p',21),('001246-7','Uno Mille Celeb/Celeb.ECON 1.0 F.Flex 4p',21),('001247-5','Stilo 1.8 Sporting Flex 8V 5P',21),('001248-3','Punto 1.4 Fire Flex 8V 5p',21),('001249-1','Punto  ELX 1.4 Fire Flex 8V 5p',21),('001250-5','Punto HLX 1.8 Flex 8V 5p',21),('001251-3','Punto Sporting 1.8 Flex 8V / 16V 5p',21),('001252-1','Stilo Dualogic 1.8 Flex 8V 5p',21),('001253-0','Stilo Dualogic 1.8 SP Flex 8V 5p',21),('001254-8','Stilo Dualogic 1.8 Sporting Flex 8V 5p',21),('001255-6','Palio Weekend Adventure LOCKER 1.8 Flex',21),('001256-4','Palio Weekend Trekking 1.4 Fire Flex 8V',21),('001257-2','Strada Adventure 1.8/ 1.8 LOCKER Flex CE',21),('001258-0','LINEA 1.9/ HLX 1.9/ 1.8 Flex 16V 4p',21),('001259-9','LINEA 1.9/ HLX 1.9/1.8 Flex  Dualogic 4p',21),('001260-2','LINEA ABSOLUTE 1.9/1.8 Flex Dualogic 4p',21),('001261-0','LINEA T-JET 1.4 16V Turbo 4p',21),('001262-9','Uno Mille WAY ECONOMY 1.0 F.Flex 2p',21),('001263-7','Uno Mille WAY ECONOMY 1.0 F.Flex 4p',21),('001264-5','Uno Mille Celeb. WAY ECON. 1.0 F.Flex 2p',21),('001265-3','Uno Mille Celeb. WAY ECON. 1.0 F.Flex 4p',21),('001266-1','Palio 1.0 ECONOMY Fire Flex 8V 2p',21),('001267-0','Palio 1.0 ECONOMY Fire Flex 8V 4p',21),('001268-8','Palio 1.0 Celebr. ECONOMY F.Flex 8V 2p',21),('001269-6','Palio 1.0 Celebr. ECONOMY F.Flex 8V 4p',21),('001270-0','Stilo Dualogic 1.8 BlackMotion Flex 8V',21),('001271-8','Punto T-JET 1.4 16V Turbo 5p',21),('001272-6','Siena EL 1.0 mpi Fire Flex 8V 4p',21),('001273-4','Siena EL Celeb. 1.0 mpi Fire Flex 8V 4p',21),('001274-2','LINEA LX 1.9/ 1.8 Flex 16V 4p',21),('001275-0','LINEA LX 1.9/ 1.8 Flex 16V Dualogic 4p',21),('001276-9','Idea ELX 1.8 mpi Flex 8V 5p',21),('001277-7','Strada Adventure1.8/ 1.8 LOCKER Flex CD',21),('001278-5','Palio ELX Dualogic 1.8 mpi Flex 8V 4p',21),('001279-3','Siena HLX Dualogic 1.8 mpi Flex 8V 4p',21),('001280-7','Palio Week.Adv.LOCK.Dualogic 1.8 Flex',21),('001281-5','Idea Adv./ Adv.LOCK.Dualogic 1.8 Flex 5p',21),('001282-3','Ducato Cargo Curto 2.3 ME Diesel',21),('001283-1','Ducato Cargo Longo 2.3 ME Diesel',21),('001284-0','Ducato Combinato 2.3 ME Diesel',21),('001285-8','Ducato Minibus 2.3 ME Diesel',21),('001286-6','Ducato Minibus 2.3 T.Alto ME Diesel',21),('001287-4','Ducato Multi Long. 2.3 T.Alto ME Diesel',21),('001288-2','Ducato Maxi. Curta 2.3 T.Alto ME Diesel',21),('001289-0','Ducato Maxi. Long. 2.3 T.Alto ME Diesel',21),('001290-4','500 SPORT 1.4 16V 100cv Mec.',21),('001291-2','Strada Working 1.4 mpi Fire Flex 8V CS',21),('001292-0','Strada Working 1.4 mpi Fire Flex 8V CE',21),('001293-9','Strada Working 1.4 mpi Fire Flex 8V CD',21),('001294-7','Palio Weekend Trekking 1.8 mpi Flex 8V',21),('001295-5','500 SPORT 1.4 16V 100cv  Dualogic',21),('001296-3','500 LOUNGE 1.4 16V 100cv  Mec.',21),('001297-1','500 LOUNGE 1.4 16V 100cv Dualogic',21),('001298-0','Stilo 1.8 ATTRACTIVE Flex 8V 5p',21),('001299-8','Stilo Duologic 1.8 ATTRACTIVE Flex 8V 5p',21),('001300-5','Doblo  1.4 mpi Fire Flex  8V 4p',21),('001301-3','Doblo ELX 1.4 mpi Fire Flex 8V 4p',21),('001302-1','Doblo  Cargo 1.4 mpi Fire Flex 8V 4p',21),('001303-0','UNO VIVACE 1.0 EVO Fire Flex 8V 4p',21),('001304-8','UNO ATTRACTIVE 1.4 EVO Fire Flex 8V 4p',21),('001305-6','UNO WAY 1.0 EVO Fire Flex 8V 4p',21),('001306-4','UNO WAY 1.4 EVO Fire Flex 8V 4p',21),('001307-2','UNO VIVACE Celeb. 1.0 EVO F.Flex 8V 4p',21),('001308-0','UNO ATTRACTI. Celeb.1.4 EVO F.Flex 8V 4p',21),('001309-9','UNO WAY Celeb. 1.0 EVO Fire Flex 8V 4p',21),('001310-2','UNO WAY Celeb. 1.4 EVO Fire Flex 8V 4p',21),('001311-0','Strada Celeb. 1.4 mpi Fire Flex 8V CS',21),('001312-9','Strada Celeb. 1.4 mpi Fire Flex 8V CE',21),('001313-7','Punto ATTRACTIVE 1.4 Fire Flex 8V 5p',21),('001314-5','Palio ATTRACTIVE 1.4 EVO Fire Flex 8V 5p',21),('001315-3','Palio Week. ATTRACTIVE 1.4 Fire Flex 8V',21),('001316-1','Punto ESSENCE 1.6 Flex 16V 5p',21),('001317-0','Punto ESSENCE 1.8 Flex 16V 5p',21),('001318-8','Punto ESSENCE Dualogic 1.8 Flex 16V 5p',21),('001319-6','Punto Sporting Dualogic 1.8 Flex 16V 5p',21),('001320-0','Siena ATTRACTIVE 1.0 Fire Flex 8V 4p',21),('001321-8','Siena ATTRACTIVE 1.4 Fire Flex 8V 4p',21),('001322-6','Siena ESSENCE 1.6 Flex 16V 4p',21),('001323-4','Siena ESSENCE Dualogic 1.6 Flex 16V 4p',21),('001324-2','Palio ESSENCE 1.6 Flex 16V 5p',21),('001325-0','Palio ESSENCE Dualogic 1.6 Flex 16V 5p',21),('001326-9','Idea ESSENCE 1.6 Flex 16V 5p',21),('001327-7','Idea ESSENCE Dualogic 1.6 Flex 16V 5p',21),('001328-5','Idea ATTRACTIVE 1.4 Fire Flex 8V 5p',21),('001329-3','Idea SPORTING 1.8 Flex 16V 5p',21),('001330-7','Idea SPORTING Dualogic 1.8 Flex 16V 5p',21),('001331-5','Siena EL 1.4 mpi Fire Flex 8V 4p',21),('001332-3','Siena EL Celeb. 1.4 mpi Fire Flex 8V 4p',21),('001333-1','Siena Sporting 1.6 Flex 16V 4p',21),('001334-0','Siena Sporting Dualogic 1.6 Flex 16V 4p',21),('001335-8','Strada Sporting 1.8 Flex 16V CE',21),('001336-6','Palio Weekend Trekking 1.6 Flex 16V 5p',21),('001337-4','Bravo ESSENCE 1.8 Flex 16V 5p',21),('001338-2','Bravo ESSENCE Dualogic 1.8 Flex 16V 5p',21),('001339-0','Bravo ABSOLUTE 1.8 Flex 16V 5p',21),('001340-4','Bravo ABSOLUTE Dualogic 1.8 Flex 16V 5p',21),('001341-2','UNO SPORTING 1.4 EVO Fire Flex 8V 4p',21),('001342-0','Punto ESSENCE Dualogic 1.6 Flex 16V 5p',21),('001343-9','UNO VIVACE 1.0 EVO Fire Flex 8V 2p',21),('001344-7','UNO VIVACE Celeb. 1.0 EVO F. Flex 8V 2p',21),('001345-5','UNO WAY 1.0 EVO Fire Flex 8V 2p',21),('001346-3','UNO WAY Celeb. 1.0 EVO Fire Flex 8V 2p',21),('001347-1','UNO ATTRACTIVE 1.4 EVO Fire Flex 8V 2p',21),('001348-0','UNO ATTRACTI. Celeb.1.4 EVO F.Flex 8V 2p',21),('001349-8','UNO WAY 1.4 EVO Fire Flex 8V 2p',21),('001350-1','UNO WAY Celeb. 1.4 EVO Fire Flex 8V 2p',21),('001351-0','UNO SPORTING 1.4 EVO Fire Flex 8V 2p',21),('001352-8','Doblo ESSENCE 1.8 Flex 16V 5p',21),('001353-6','Doblo ATTRACTIVE 1.4 Fire Flex 8V 5p',21),('001354-4','LINEA ESSENCE 1.8 Flex 16V 4p',21),('001355-2','LINEA ESSENCE Dualogic 1.8 Flex 16V 4p',21),('001356-0','Bravo T-JET 1.4 16V Turbo 5p',21),('001357-9','Palio Week. Adv. Dualogic 1.8 Flex',21),('001358-7','500 Sport Air 1.4 16V Mec.',21),('001359-5','500 Sport Air 1.4 16V Aut.',21),('001360-9','500 Louge Air 1.4 16V Aut.',21),('001361-7','500 Cult 1.4 Flex 8V EVO Mec.',21),('001362-5','500 Cult 1.4 Flex 8V EVO Dualogic',21),('001363-3','Strada Adv.1.8 16V Dualogic Flex CD',21),('001364-1','Strada Adv.1.8 16V LOCKER Dualo. Flex CD',21),('001365-0','FREEMONT 2.4 16V 5p Aut.',21),('001366-8','UNO ECONOMY 1.4 EVO Fire Flex 8V 2p',21),('001367-6','UNO ECONOMY 1.4 EVO Fire Flex 8V 4p',21),('001368-4','UNO ECONOMY Celeb. 1.4 EVO F. Flex 8V 2p',21),('001369-2','UNO ECONOMY Celeb. 1.4 EVO F. Flex 8V 4p',21),('001370-6','Palio SPORTING 1.6 Flex 16V 5p',21),('001371-4','Palio SPORTING Dualogic 1.6 Flex 16V 5p',21),('001372-2','Palio ATTRACTIVE 1.0 EVO Fire Flex 8v 5p',21),('001373-0','Palio Week. Adv. ITALIA 1.8 Flex 16V',21),('001374-9','Palio Week. LOCK. ITALIA 1.8 Flex 16V',21),('001375-7','Palio Week.Adv. ITAL. Dual. 1.8 Flex 16V',21),('001376-5','Palio W.Adv. LOC. ITAL.Dual.1.8 Flex 16V',21),('001377-3','Punto ATTRACTIVE ITALIA 1.4 F.Flex 8V 5p',21),('001378-1','Grand Siena ATTRAC. 1.4 EVO F.Flex 8V',21),('001379-0','Grand Siena ESSENCE 1.6 Flex 16V',21),('001380-3','Grand Siena ESSENCE Dual. 1.6 Flex 16V',21),('001381-1','Grand Siena TETRAFUEL 1.4 Evo F. Flex 8V',21),('002001-0','Band.Jipe Capota de Lona Diesel',56),('002002-8','Band.Jipe Cap.de Aço Chas. Curto Diesel',56),('002003-6','Band.Jipe Cap.de Aço Chas. Longo Diesel',56),('002005-2','Band.Picape Chassi Curto Diesel',56),('002006-0','Band.Picape CD 2p Chassi Longo Diesel',56),('002008-7','Band.Picape Chassi Longo Diesel',56),('002009-5','Camry LE',56),('002010-9','Camry XLE 3.0 24V 186cv',56),('002011-7','Corolla DX/ SW DX 1.6 16V',56),('002012-5','Corolla LE 1.8',56),('002013-3','Corolla WG',56),('002014-1','Hilux CD 4x2 2.4 Diesel',56),('002015-0','Hilux CD 4x4 2.8 Diesel',56),('002016-8','Hilux CS 4x4 2.4 Diesel',56),('002017-6','Hilux SW4 4x4 2.4 8V',56),('002018-4','Hilux SW4 4x4 2.8 Diesel',56),('002019-2','Hilux SW4 3.4 V6',56),('002021-4','Paseo',56),('002022-2','Previa LE 2.4 16V',56),('002023-0','Supra',56),('002024-9','Corona GLi Mec',56),('002027-3','Corolla XLi 1.8/1.8 Flex 16V Mec.',56),('002028-1','Corolla XEi 1.8/1.8 Flex 16V Mec.',56),('002029-0','Corolla SE-G 1.8 16V Mec.',56),('002030-3','Hilux 4x2 2.4 Diesel',56),('002031-1','Hilux 4x2 2.8 Diesel',56),('002032-0','Hilux CD DLX 4x2 2.8 Diesel',56),('002033-8','Hilux CD DLX 4x4 2.8 Diesel',56),('002036-2','Celica ST 1.8',56),('002037-0','Corolla SW LE 1.8/ XLi 1.6 16V',56),('002038-9','Avalon XLS 3.0',56),('002039-7','Corona Mec.',56),('002040-0','Hilux CS SR5 4x4 2.8 Diesel',56),('002041-9','Hilux CD SR5 4x4 2.8 Diesel',56),('002042-7','Camry SW LE 2.2 16V',56),('002043-5','Camry SW XLE 3.0 24V',56),('002044-3','Celica GT 2.2 16V',56),('002045-1','Corolla LE 2.2 16V',56),('002046-0','Corolla GLi 1.6 16V',56),('002047-8','Hilux CS DLX 4x2 2.8 Diesel',56),('002048-6','Hilux CS DLX 4x4 2.8 Diesel',56),('002050-8','Band. Jipe 4x4 Sport 3.7 Diesel',56),('002051-6','Hilux SW4 4x4 3.0 12V V6',56),('002052-4','Hilux SW4 4x4 3.0 8V TB Diesel',56),('002053-2','Hilux SW4 4x4 3.0 24V V6',56),('002054-0','Land Cruiser 4WD 4.5 24V',56),('002055-9','MR-2 Turbo 2.0',56),('002056-7','Previa LX 2.5',56),('002057-5','RAV4 2.0 4x4 16V Mec.',56),('002058-3','T-100 3.4 V6',56),('002059-1','Band.Picape CD 4p Chassi Longo Diesel',56),('002060-5','Corolla SE-G 1.8/1.8 Flex 16V Aut.',56),('002061-3','Corolla XEi 1.8/1.8 Flex 16V Aut.',56),('002062-1','Corolla XLi 1.8/1.8 Flex 16V Aut.',56),('002063-0','Corona Aut.',56),('002064-8','Hilux SW4 2.7 16V',56),('002066-4','RAV4 2.0 4x4 16V Aut.',56),('002067-2','Hilux CS DX 4x2 2.7 16V 142cv',56),('002068-0','Hilux CD DX 4x2 2.7 16V 142cv',56),('002069-9','Hilux CD DX 4x2 3.0 8V 90cv Diesel',56),('002070-2','Hilux CS DX 4x2 3.0 8V 90cv Diesel',56),('002071-0','Hilux CS SRV 4x2 2.7 16V 142cv',56),('002072-9','Hilux CD SRV 4x2 2.7 16V 142cv',56),('002073-7','Hilux CD SRV 4x2 3.0 8V 90cv Diesel',56),('002074-5','Hilux CS DX 4x4 3.0 8V 90cv Diesel',56),('002075-3','Hilux CD DX 4x4 3.0 8V 90cv Diesel',56),('002076-1','Hilux CD SR 4x4 3.0 8V 90cv Diesel',56),('002077-0','Hilux CD SR 4x4 3.0 8V 116cv TB Diesel',56),('002078-8','Hilux CD SRV 4x4 3.0 8V 116cv TB Diesel',56),('002079-6','Corolla XLi 1.6 16V 110cv Mec.',56),('002080-0','Corolla XLi 1.6 16V 110cv Aut.',56),('002081-8','Land Cruiser Prado 3.0 4x4 TB Diesel Mec',56),('002082-6','Land Cruiser Prado 3.0 4x4 TB Diesel Aut',56),('002083-4','Corolla Fielder SW 1.8/1.8 XEi Flex Mec',56),('002084-2','Corolla Fielder SW 1.8/1.8 XEi Flex Aut.',56),('002085-0','Hilux CS D4-D 4x2 2.5 16V 102cv TB Dies.',56),('002086-9','Hilux CS D4-D 4x4 2.5 16V 102cv TB Dies.',56),('002087-7','Hilux CD D4-D 4x2 2.5 16V 102cv TB Dies.',56),('002088-5','Hilux CD D4-D 4x4 2.5 16V 102cv TB Dies.',56),('002089-3','Hilux CD SR D4-D 4x2 3.0 163cv TDI Dies.',56),('002090-7','Hilux CD SR D4-D 4x4 3.0 163cv TDI Dies.',56),('002091-5','Hilux CD SRV D4-D 4x2 3.0 163cv TDI Dies',56),('002092-3','Hilux CD SRV D4-D 4x4 3.0 163cv TDI Dies',56),('002093-1','Hilux CD SRV D4-D 4x4 3.0 TDI Diesel Aut',56),('002094-0','Hilux Chassi D4-D 4x4 2.5 102cv TB Dies.',56),('002095-8','Hilux SW4 SRV D4-D 4x4 3.0 TDI Dies. Mec',56),('002096-6','Hilux SW4 SRV D4-D 4x4 3.0 TDI Dies. Aut',56),('002097-4','RAV4 2.4 4x4 16V 170cv Aut.',56),('002098-2','Camry XLE 3.5 24V Aut.',56),('002099-0','Corolla S 1.8 16V 136cv Mec',56),('002100-8','Corolla S 1.8 16V 136cv Aut',56),('002101-6','Corolla Fielder SW S 1.8 16V 136cv Mec',56),('002102-4','Corolla Fielder SW S  1.8 16V 136cv Aut',56),('002103-2','Corolla Fielder SW SE-G 1.8 Flex 16V Aut',56),('002104-0','Hilux CD SR 4x2 2.7 16V Mec.',56),('002105-9','Hilux SW4 SRV 4x4 4.0 V6 24V Aut.',56),('002106-7','Hilux SW4 SR 4x2 2.7 VVTi 16V Mec.',56),('002107-5','Hilux SW4 SR 4x2 2.7/ 2.7 Flex 16V Aut.',56),('002108-3','Corolla GLi 1.8 Flex 16V Mec.',56),('002109-1','Corolla GLi 1.8 Flex 16V  Aut.',56),('002110-5','Hilux CD SR 4x2 2.7 16V/2.7 Flex Aut.',56),('002111-3','Corolla XEi 2.0 Flex 16V Aut.',56),('002112-1','Corolla ALTIS 2.0 Flex 16V Aut.',56),('002113-0','RAV4 2.4 4x2 16V 170cv Aut.',56),('002114-8','Hilux CD SRV 4x4 2.7 Flex 16V Aut.',56),('002115-6','Corolla XRS 2.0 Flex 16V Aut.',56),('003001-5','Courier 1.3i/Furgão',22),('003002-3','Courier CLX 1.4i 16V',22),('003003-1','Courier Si 1.4i 16V',22),('003004-0','Escort GL 1.8i 16V 3p',22),('003005-8','Escort GL 1.8i 16V 4p',22),('003006-6','Escort S.W GL 1.8i 16V',22),('003007-4','Escort GLX 1.8i 16V 4p',22),('003008-2','Escort S.W. GLX 1.8i 16V',22),('003009-0','F-1000 Regular Cab. 4.9i',22),('003010-4','F-1000 XL 4.9i CE',22),('003011-2','F-1000 XLT/XL Lighting 4.9i',22),('003012-0','F-1000 XL Diesel Turbo',22),('003013-9','F-1000 XLT Diesel Turbo',22),('003014-7','F-1000 XL 4x4 Diesel Turbo',22),('003015-5','F-1000 XLT 4x4 Diesel Turbo',22),('003016-3','Fiesta 1.0i 3p e 5p',22),('003017-1','Fiesta CLX 1.4i 16V 3p e 5p',22),('003018-0','KA 1.0i 3p',22),('003019-8','KA CLX 1.3i 3p',22),('003020-1','Belina L 1.8/ 1.6',22),('003021-0','Belina GL 1.8 / 1.6',22),('003023-6','Del Rey L 1.8 / 1.6 2p e 4p',22),('003024-4','Del Rey GLX 1.6/1.8 / GL 1.6/1.8 2p e 4p',22),('003025-2','Del Rey Ghia 1.8 / 1.6 2p e 4p',22),('003026-0','Escort Hobby 1.0',22),('003027-9','Escort Hobby 1.6',22),('003028-7','Escort L/LX 1.6',22),('003029-5','Escort L 1.8i / 1.8',22),('003030-9','Escort GL 1.6i / 1.6',22),('003031-7','Escort GL 1.8i / 1.8',22),('003032-5','Escort GLX 1.6i',22),('003033-3','Escort GLX 1.8i 8v',22),('003034-1','Escort Guarujá 1.8 4p',22),('003035-0','Escort Ghia 1.8i / 1.8 / 1.6',22),('003036-8','Escort Ghia 2.0i / 2.0',22),('003038-4','Escort XR3 1.8 / 1.6 Beneton/Form./Laser',22),('003039-2','Escort XR3 1.8 / 1.6 Conversível',22),('003040-6','Escort XR3 2.0i',22),('003041-4','Escort XR3 2.0i Conversível',22),('003042-2','F-1000 Super 3.6 / Super Série 3.6',22),('003043-0','F-1000 Super CE 4.9i / 3.6',22),('003044-9','F-1000 Super Série CE 4.9i / 3.6',22),('003045-7','F-1000 Super Diesel CE 3.9',22),('003046-5','F-1000 Super Diesel / Super Diesel Turbo',22),('003047-3','F-1000 Super Série CE Diesel 3.9',22),('003048-1','F-1000 S. S. Diesel / S.S. Diesel Turbo',22),('003049-0','F-1000 Super/ S.Série 4x4 3.9 Diesel',22),('003052-0','Fiesta CLX 1.3i 3p',22),('003053-8','Fiesta CLX 1.3i 5p',22),('003054-6','Pampa L 1.6',22),('003055-4','Pampa L 1.8i / 1.8',22),('003056-2','Pampa GL 1.6/ 1.8',22),('003057-0','Pampa S 1.8',22),('003058-9','Pampa 4x4 Jeep GL / L 1.6',22),('003059-7','Royale GL 1.8i 4p / 1.8i / 1.8',22),('003060-0','Royale GL 2.0i 2e4p / 2.0i / 2.0',22),('003061-9','Royale Ghia 2.0i 4p / 2.0i / 2.0',22),('003062-7','Verona GL 1.8i / LX 1.8i 4p',22),('003063-5','Verona GLX 1.8i / 1.8 4p',22),('003064-3','Verona GLX 2.0i / 2.0 4p',22),('003065-1','Verona Ghia 2.0i 4p',22),('003066-0','Verona S 2.0i 4p',22),('003067-8','Verona LX 1.6 (modelos antigo)',22),('003068-6','Verona LX 1.8 (modelos antigo)',22),('003069-4','Verona GLX 1.8 (modelos antigo)',22),('003070-8','Versailles GL 1.8i / 1.8 2p e 4p',22),('003071-6','Versailles GL 2.0i / 2.0 2p e 4p',22),('003072-4','Versailles Ghia 2.0i / 2.0 2p e 4p',22),('003073-2','Explorer XLT 4x2 4.0 V6',22),('003074-0','Explorer XLT 4x4 4.0 V6',22),('003075-9','Fiesta 1.3  3p e 5p',22),('003076-7','Mondeo CLX 1.8 4p e 5p',22),('003077-5','Mondeo CLX 1.8i SW',22),('003078-3','Mondeo CLX 2.0i 4p Mec',22),('003079-1','Mondeo CLX 2.0i SW Mec',22),('003080-5','Mondeo GLX 2.0 4p e 5p',22),('003082-1','Mondeo GLX 2.0i SW Mec./ Aut.',22),('003083-0','Mustang GT V8',22),('003084-8','Mustang GT V8 Conversível',22),('003085-6','Ranger XL 2.3 CS',22),('003086-4','Ranger XL 4.0 CS',22),('003087-2','Ranger XLT 2.3 CS',22),('003088-0','Ranger XLT 4.0 4x2 CS',22),('003089-9','Ranger Splash CS',22),('003090-2','Ranger STX 4.0 CS/ CE',22),('003091-0','Taurus GL 3.0 V6',22),('003092-9','Taurus L/LX 3.0 V6',22),('003093-7','Windstar GL',22),('003094-5','Windstar LX',22),('003095-3','Escort RS 1.8i 16V',22),('003096-1','Fiesta GL Class 1.0i 5p',22),('003097-0','KA Street 1.0i',22),('003098-8','KA Image 1.0i',22),('003103-8','Mondeo Ghia 2.5 V6 Mec',22),('003104-6','Mondeo Ghia 2.5 V6 Aut',22),('003105-4','Ranger 2.5i CD',22),('003106-2','Ranger 2.5i CS',22),('003107-0','Ranger 2.5 4x4 TB Diesel',22),('003108-9','Ranger 2.5 4x4 CD TB Diesel',22),('003109-7','Ranger XLT 2.5 4x4 CS TB Diesel',22),('003110-0','Ranger XLT 2.5 4x4 CD Diesel',22),('003111-9','Ranger XLT 4.0 4x4 CS',22),('003112-7','Ranger XLT 4.0 4x4 CD',22),('003114-3','F-250 XL 4.2 V6',22),('003115-1','F-250 XL 3.9 4x2 Diesel',22),('003116-0','F-250 XLT 4.2 V6',22),('003117-8','F-250 XLT 3.9 4x2 Diesel TB',22),('003118-6','Aerostar Mini-Van 3.8',22),('003119-4','Club Wagon V8',22),('003120-8','Club Wagon XLT 4.9 V6',22),('003121-6','Contour SE/ GL/ LX  2.0 16V',22),('003122-4','Contour SE/GL/ LX 2.5 24V',22),('003123-2','Escort  Racer 2.0i',22),('003124-0','F-1000 SR XK  Deserter Diesel',22),('003125-9','Probe 2.0/2.2',22),('003126-7','F-150 XL Triton 4.3 V6',22),('003127-5','Taurus GL SW 3.0 V6 24V',22),('003128-3','Corcel II L',22),('003129-1','Corcel II GL/GT',22),('003132-1','Del Rey Belina L',22),('003133-0','Del Rey Belina GL',22),('003134-8','Del Rey Belina GLX',22),('003135-6','Del Rey Belina Ghia',22),('003137-2','Pampa Ghia 1.6/1.8/DUO',22),('003138-0','Explorer Limited 5.0 4x4 V8',22),('003139-9','Courier 1.6 L/ 1.6 Flex',22),('003140-2','Courier XL/XL-RS 1.6/ XL 1.6 Flex',22),('003141-0','F-250 XL Super Duty 4.2 V6',22),('003142-9','F-250 XL Super Duty 3.9 Diesel',22),('003143-7','Fiesta GL 1.0 3p',22),('003144-5','Fiesta GLX 1.6 8V 3p',22),('003145-3','KA GL 1.0i Zetec Rocam',22),('003146-1','Ranger 2.5i CE',22),('003147-0','Ranger 2.5 4x4 CE TB Diesel',22),('003148-8','Ranger XLT 2.5 4x4 CE TB Diesel',22),('003149-6','Ranger XLT 4.0 4x2 CE',22),('003150-0','Ranger XLT 4.0 4x4 CE',22),('003152-6','Aspire 1.3',22),('003153-4','Crown Victoria LX 4.6',22),('003154-2','Expedition 5.4 V8',22),('003155-0','Explorer XL 4x2 4.0 V6',22),('003156-9','Explorer XL 4x4 4.0 V6',22),('003157-7','Explorer Sport 4.0 V6',22),('003159-3','F-150 XLT Triton 4.3',22),('003160-7','F-150 XLT Triton 5.8',22),('003161-5','KA GL Image 1.0i/ 1.0i Zetec Rocam',22),('003162-3','F-1000 CD/Blazer 3.6',22),('003163-1','F-1000 CD/Blazer 3.9 Dies.',22),('003164-0','F-1000 Lightning/ Super 4.9i',22),('003165-8','F-1000 Tropical CD 2.5 HSD/4.3 Diesel TB',22),('003166-6','F-1000 Tropical CD 4.9i',22),('003167-4','F-1000 XL 2.5 HSD Diesel TB',22),('003168-2','F-1000 XLT 2.5 HSD Diesel TB',22),('003169-0','KA Tecno 1.0i 8v Zetec Rocam',22),('003170-4','F-250 Tropical 3.9 Diesel',22),('003171-2','F-250 Tropical 4.2 V6',22),('003172-0','F-250 Tropical 4.2 CE / CD Diesel TB',22),('003173-9','Furglaine 3.6',22),('003174-7','Furglaine 3.9 Diesel',22),('003175-5','Furglaine Chateaux/Exec. 3.9 Diesel',22),('003176-3','Ibiza 3.9 Furgão Diesel',22),('003177-1','Ibiza Chat./Exec. 3.9 Diesel',22),('003179-8','Mustang 3.8 V6',22),('003180-1','Mustang 3.8 V6 Conv.',22),('003182-8','Probe GT 2.5 V6',22),('003183-6','Taurus SHO 3.0 V6',22),('003184-4','Thunderbird SC 3.8 V6',22),('003185-2','F-100 2.3',22),('003186-0','F-100 Blazer 2.3',22),('003187-9','F-100 CD 2.3',22),('003188-7','F-100 Super 2.3',22),('003189-5','F-100 Super Série 2.3',22),('003190-9','Mustang Cobra 5.7 V8',22),('003191-7','Taurus LX SW 3.0 V6 24V',22),('003192-5','Fiesta GL 1.0 5p',22),('003193-3','Fiesta GLX 1.6 8V 5p',22),('003194-1','Mondeo CLX 2.0i 4p Aut',22),('003195-0','Mondeo CLX 2.0i SW Aut',22),('003197-6','F-1000 XLT CE 4.9i',22),('003198-4','F-250 XL 4.2 Turbo Diesel',22),('003199-2','F-1000 XL 4.9i',22),('003200-0','Fiesta Class 1.0 2p',22),('003201-8','Fiesta Class 1.0 4p',22),('003202-6','Ranger XLT 2.5 4x2 CE Diesel',22),('003203-4','Ranger XLT 2.5 4x2 CS Diesel',22),('003204-2','Ranger XLT 2.5 4x2 CD Diesel',22),('003205-0','Ranger 2.5 4x2 TB Diesel',22),('003206-9','F-250 XLT 4.2 TB Diesel',22),('003207-7','Escort GL 1.6 MPI',22),('003208-5','Escort SW GL 1.6 MPI',22),('003209-3','Ranger 2.5 4x2 CE Diesel',22),('003210-7','Ranger 2.5 4x2 CD TB Diesel',22),('003217-4','F-150 XLT Triton 4.6 V8',22),('003219-0','Fiesta Sport 1.0MPi 4p',22),('003220-4','Ranger Splash CE',22),('003221-2','Fiesta Sport 1.6MPi 4p',22),('003222-0','F-1000 SR XK Deserter',22),('003223-9','Mondeo GLX 2.0 16V 4p Aut',22),('003224-7','Focus 1.8 16V 5p',22),('003225-5','Focus Sedan 2.0 16V/ 2.0 16V Flex 4p',22),('003226-3','Focus Ghia Sed. 2.0 16V/ 2.0 16V Flex 4p',22),('003227-1','Focus Ghia/ XR 2.0 /Ghia 2.0 16V Flex 5p',22),('003228-0','Focus 2.0 16V/ 2.0 16V Flex 5p',22),('003229-8','Fiesta Street 1.0 8v 3p',22),('003230-1','Escort SW 1.9 16v',22),('003231-0','Courier Sport 1.6 8v',22),('003232-8','KA XR 1.6 MPI 8V',22),('003233-6','KA Black 1.0 MPI 8v 65cv',22),('003234-4','KA Black 1.6 MPI 8v 95cv',22),('003235-2','Ranger XL 2.3 16v 137cv 4x2 CS Repower.',22),('003236-0','Ranger XL 2.3 16v 137cv 4x2 CE Repower.',22),('003237-9','Ranger XL 2.3 16v 137cv 4x2 CD Repower.',22),('003238-7','Ranger XL 4.0 12v V6 210cv 4x2 CS Repow.',22),('003239-5','Ranger XLT 4.0 12v V6 210cv 4x4 CE Repow',22),('003240-9','Ranger XLT 4.0 12v V6 210cv 4x4 CD Repow',22),('003241-7','F-1000 Tropical SL/ Van T.Diesel (todas)',22),('003242-5','F-250 Tropical SL/ Van T.Diesel (todas)',22),('003243-3','F-1000 Tropical SL/ Van 4.9i',22),('003244-1','Fiesta Street/ Action 1.0 8v 5p',22),('003245-0','Fiesta Sedan Street 1.0 8v 4p',22),('003246-8','Fiesta Sedan Street 1.6 8v 4p',22),('003247-6','Ranger XL 2.8 8v 135cv 4x2 CS TB Diesel',22),('003248-4','Ranger XL 2.8 8v 135cv 4x4 CS TB Diesel',22),('003249-2','Ranger XL 2.8 8v 135cv 4x2 CE TB Diesel',22),('003250-6','Ranger XL 2.8 8v 135cv 4x4 CE TB Diesel',22),('003251-4','Ranger XLT 2.8 8v 135cv 4x4 CE TB Diesel',22),('003252-2','Ranger XLT 2.8 8v 135cv 4x2 CD TB Diesel',22),('003253-0','Ranger XLT 2.8 8v 135cv 4x4 CD TB Diesel',22),('003254-9','Ranger XL 2.8 8v 135cv 4x2 CD TB Diesel',22),('003255-7','Ranger XL 2.8 8v 135cv 4x4 CD TB Diesel',22),('003256-5','Fiesta Street 1.6 8v 95cv 5p',22),('003257-3','Mondeo Ghia 2.0 16V 143cv 4p Mec',22),('003258-1','Mondeo Ghia 2.0 16V 143cv 4p Aut',22),('003259-0','Fiesta Personnalité 1.0 8V 66cv 5p',22),('003260-3','Fiesta Supercharger 1.0 8V 95cv 5p',22),('003261-1','Fiesta Class 1.6 8V 98cv 5p',22),('003262-0','Focus Ghia Sed. 2.0 16V/2.0 16V Flex Aut',22),('003263-8','Ranger XLT Limit./L.Cent. 2.8 CD TB Dies',22),('003264-6','KA Action 1.6 MPI 8V 95cv',22),('003265-4','Focus Sedan 1.8 16V 115cv 4p',22),('003266-2','Focus Ghia  2.0 16V/ 2.0 16V Flex 5p Aut',22),('003267-0','EcoSport XL Supercharger 1.0 8V 95cv 5p',22),('003268-9','EcoSport XL 1.6/ 1.6 Flex 8V 5p',22),('003269-7','EcoSport XLS 1.6/ 1.6 Flex 8V 5p',22),('003270-0','EcoSport XLT 1.6/ 1.6 Flex 8V 5p',22),('003271-9','EcoSport XLT 2.0/ 2.0 Flex 16V 5p Mec.',22),('003272-7','F-250 XL Super Duty 4.2 TB Diesel',22),('003273-5','Ranger XLS 2.8 8V 135cv 4x4 CS TB Diesel',22),('003274-3','Ranger XLS 2.8/2.8 Storm  4x4 CD TB Dies',22),('003275-1','Ranger XLS 2.3 16V 145cv/150cv 4x2 CS',22),('003276-0','Ranger XLS 2.3 16V 145cv/150cv 4x2 CD',22),('003277-8','Ranger XLS 2.8 8V 135cv 4x2 CS TB Diesel',22),('003278-6','Ranger XLS 2.8 8V 135cv 4x2 CD TB Diesel',22),('003279-4','F-250 XL 4.2 180cv CD TB Diesel',22),('003280-8','F-250 XLT 4.2 180cv CD TB Diesel',22),('003281-6','Focus 1.6/ 1.6 Flex 8V/16V  5p',22),('003282-4','Focus Sedan 2.0 16V/ 2.0 16V Flex 4p Aut',22),('003283-2','Focus 2.0 16V/ 2.0 16V Flex 5p Aut.',22),('003284-0','Focus Sedan 1.6/ 1.6 Flex 8V/16v  4p',22),('003285-9','EcoSport 4WD 2.0/ 2.0 Flex 16V 5p',22),('003286-7','Fiesta 1.6 8V Flex 5p',22),('003287-5','Fiesta Sed. Personnalité 1.0 8V 4p',22),('003288-3','Fiesta Sed. Supercharger 1.0 8V 4p',22),('003289-1','Fiesta Sed. 1.6 8V Flex 4p',22),('003290-5','Explorer Limited 4.0 4x4 V6 213cv',22),('003291-3','Ranger XLS 3.0 PSE 163cv 4x2 CD TB Dies.',22),('003292-1','Ranger XLS 3.0 PSE 163cv 4x2 CS TB Dies.',22),('003293-0','Ranger XLS 3.0 PSE 163cv 4x4 CD TB Dies.',22),('003294-8','Ranger XLT 3.0 PSE 163cv 4x2 CD TB Dies.',22),('003295-6','Ranger XLT 3.0 PSE 163cv 4x4 CD TB Dies.',22),('003296-4','Ranger Limited 3.0 PSE 4x4 CD TB Diesel',22),('003297-2','Ranger XL 3.0 PSE 163cv 4x4 CS TB Diesel',22),('003298-0','Ranger XL 3.0 PSE 163cv 4x2 CD TB Diesel',22),('003299-9','Ranger XL 3.0 PSE 163cv 4x2 CS TB Diesel',22),('003300-6','Ranger XL 3.0 PSE 163cv 4x4 CD TB Diesel',22),('003301-4','KA MP3 1.0 MPI 8V 65cv',22),('003302-2','KA MP3 1.6 MPI 8V 95cv',22),('003303-0','EcoSport XLS FREESTYLE 1.6 Flex 8V 5p',22),('003304-9','Fusion SEL 2.3 16V  162cv Aut.',22),('003305-7','F-250 XL 3.9 4x4 TB Diesel',22),('003306-5','F-250 XL 3.9 CD TB Diesel',22),('003307-3','F-250 XLT 3.9 4x4 TB Diesel',22),('003308-1','F-250 XLT 3.9 4x2 CD TB Diesel',22),('003309-0','F-250 XLT 3.9 4x4 CD TB Diesel',22),('003310-3','Fiesta 1.0 8V Flex 5p',22),('003311-1','Fiesta Sedan 1.0 8V Flex 4p',22),('003312-0','Courier Van 1.6/ 1.6 Flex 8V  ( Carga )',22),('003313-8','F-250 TropiCab CE 3.9 TB Diesel',22),('003314-6','F-250 Tropicampo CD 3.9 TB Diesel',22),('003315-4','F-250 Tropiclassic 3.9 TB Diesel',22),('003316-2','F-250 Tropivan Executive 3.9 TB Diesel',22),('003317-0','F-250 Tropivan/Tropi. Plus 3.9 TB Diesel',22),('003318-9','EcoSport XLT FREESTYLE 1.6 Flex 8V 5p',22),('003319-7','EcoSport XLS 2.0/2.0 Flex 16V 5p Aut.',22),('003320-0','EcoSport XLT 2.0/ 2.0 Flex 16V 5p Aut.',22),('003321-9','Ranger XLT 2.3 16V 150cv CD Repower.',22),('003322-7','Fiesta TRAIL 1.0 8V Flex 5p',22),('003323-5','Fiesta TRAIL 1.6 8V Flex 5p',22),('003324-3','Ranger XLS SPORT 2.3 16V 150cv CS',22),('003325-1','KA 1.0 8V Flex 3p',22),('003326-0','KA 1.6 8V Flex 3p',22),('003327-8','KA 1.0 TECNO 8V Flex 3p',22),('003328-6','KA 1.6 TECNO 8V Flex 3p',22),('003329-4','EDGE SEL 3.5 V6 24V AWD Aut.',22),('003330-8','EcoSport XLT FREESTYLE 2.0 Flex 16V 5p',22),('003331-6','TRANSIT Furgão 3330 2.4 TDCI Curto Dies.',22),('003332-4','TRANSIT Furgão 3550 2.4 TDCI Longo Dies.',22),('003333-2','TRANSIT Van 3550 2.4 TDCI 14lug. Diesel',22),('003334-0','Ranger XLS 3.0 PSE Storm 4x4 CD TB Dies.',22),('003335-9','Fusion SEL 2.5 16V 173cv Aut.',22),('003336-7','Fusion SEL 3.0 V6 AWD 24V 243cv Aut.',22),('003337-5','Ranger Limited 2.3 150cv CD',22),('003338-3','F-250 F-MILHA CD 3.9 TB Diesel',22),('003339-1','TRANSIT Chassi 2.4 TDCI Diesel',22),('003340-5','Fiesta Sedan SE 1.6 16V Flex 4p',22),('003341-3','Ranger TROPIVAN XLT 2.3 16V 150cv',22),('003342-1','Ranger TROPIVAN XLT 3.0 PSE 4x2 TB Dies.',22),('003343-0','Ranger TROPIVAN XLT 3.0 PSE 4x4 TB Dies.',22),('003344-8','EDGE LIMITED 3.5 V6 24V AWD Aut.',22),('003345-6','FUSION HYBRID 2.5 16V 193cv Aut.',22),('003346-4','Focus TITANIUM 2.0 16V Flex 5p Mec.',22),('003347-2','Focus TITANIUM 2.0 16V Flex 5p Aut.',22),('003348-0','Focus Sedan TITANIUM 2.0 16V Flex  Aut',22),('003349-9','Fusion SEL 3.0 V6  24V 243cv Aut.',22),('003350-2','KA Sport 1.6 8V Flex 3p',22),('003351-0','Fiesta SE 1.6 16V Flex 5p',22),('003352-9','EDGE LIMITED 3.5 V6 24V FWD Aut.',22),('003353-7','EDGE SEL 3.5 V6  24V FWD Aut.',22),('003354-5','TRANSIT Furgão 2.4 TDCI Longo Jumbo Dies',22),('004001-0','Corsa Wind 1.0 MPFI / EFI  2p',23),('004002-9','Corsa Super 1.0 MPFI / 2p e 4p',23),('004003-7','Corsa Pick-Up GL/ Champ 1.6 MPFI / EFI',23),('004004-5','Corsa GL 1.6 MPFI / 1.4 EFI 2p e 4p',23),('004005-3','Corsa Sedan GL 1.6  MPFI 4p',23),('004006-1','Corsa Sedan GLS 1.6 16V MPFI 4p',23),('004007-0','Corsa Wagon GL 1.6 MPFI 4p',23),('004008-8','Corsa Wagon GLS 1.6 16V MPFI 4p',23),('004009-6','Kadett GLS 2.0 MPFI',23),('004010-0','Omega GLS 2.2 / 2.0',23),('004011-8','Omega CD 4.1 / 3.0',23),('004012-6','S10 Pick-Up Std. 2.2 MPFI / EFI',23),('004013-4','S10 Pick-Up Luxe 2.2 MPFI / EFI',23),('004014-2','S10 Pick-Up Luxe 4.3 V6',23),('004015-0','S10 Pick-Up Luxe 2.2 MPFI/EFI CE',23),('004016-9','S10 Pick-Up Luxe 4.3 V6 CE',23),('004017-7','S10 Pick-Up Luxe 4.3 V6 CD',23),('004018-5','S10 Blazer Std. 2.2 MPFI / EFI',23),('004019-3','S10 Blazer DLX 2.2 MPFI / EFI',23),('004020-7','S10 Blazer DLX 4.3 V6',23),('004021-5','S10 Blazer Std. 2.5 Diesel Turbo',23),('004022-3','S10 Blazer DLX 2.5 Diesel Turbo',23),('004023-1','A-20 Custom/ C-20 S 4.1',23),('004024-0','A-20 Custom/ C-20 Luxe 4.1',23),('004025-8','Bonanza S / Luxe 4.1',23),('004026-6','Bonanza S / Luxe 4.0 Diesel Turbo',23),('004027-4','Caravan Comodoro 4.1 / 2.5',23),('004028-2','Caravan Diplomata 4.1 / 2.5',23),('004029-0','Chevette Junior 1.0',23),('004030-4','Chevette L / SL / SL/e / DL / SE 1.6',23),('004031-2','Chevy 500 DL / SL / SE/ Furgão 1.6',23),('004032-0','Corsa Sedan GLS 1.6 MPFI 4p',23),('004033-9','Corsa GSi 16V',23),('004034-7','D-20 S / Luxe 3.9/4.0 Diesel',23),('004035-5','D-20 S / Luxe 3.9/4.0 T.Diesel',23),('004036-3','D-20 S / El Caminho 3.9/4.0 CD T.Dies',23),('004037-1','D-20 CD Lx S4T/Tro.Plus/Lx 3.9/4.0 TDies',23),('004038-0','Ipanema GL 1.8 MPFI / EFI /SL 4p',23),('004039-8','Ipanema GL/ Flair 2.0 MPFI / EFI 4p',23),('004040-1','Ipanema GLS/SLE 2.0EFI /SL/e1.8/Sol/Wave',23),('004041-0','Kadett GL/SL/Lite/Turim 1.8',23),('004042-8','Kadett GL 2.0 MPFI / EFI',23),('004043-6','Kadett GLS 1.8 EFI / SL/e 1.8',23),('004044-4','Kadett GSi / GS 2.0',23),('004045-2','Kadett GSi 2.0 Conversível',23),('004046-0','Kadett Sport 2.0 MPFI / EFI',23),('004047-9','Monza GL 1.8 EFI/ SL/ L/ 650/Barc. 2e4p',23),('004048-7','Monza Classic/ SL/e/SR 1.8',23),('004049-5','Monza GL 2.0 EFI/SL/L/650/Club/Barc.2e4p',23),('004050-9','Monza GLS/ Hi-Tech 2.0 EFI 2p e 4p',23),('004051-7','Monza Classic SE 2.0 /MPFI e EFI 2p e 4p',23),('004052-5','Omega GL 2.0/ 2.2',23),('004053-3','Omega GLS 4.1',23),('004054-1','Opala Comodoro/ Comod. SLE  4.1 / 2.5',23),('004055-0','Opala Diplomata/ Diplom. SLE 4.1 / 2.5',23),('004056-8','S10 Pick-Up Luxe 2.2 EFI CD',23),('004057-6','S10 Pick-Up Std. 2.5 Diesel Turbo',23),('004058-4','S10 Pick-Up Luxe 2.5 Diesel Turbo',23),('004059-2','S10 Pick-Up Luxe 2.5 CE TB Diesel',23),('004060-6','S10 P-Up Luxe 2.5 4x2 CD TB Max HST Dies',23),('004061-4','Suprema GL 2.0',23),('004062-2','Suprema GLS 2.2 / 2.0',23),('004063-0','Suprema GLS 4.1',23),('004064-9','Suprema CD 4.1 / 3.0',23),('004065-7','Vectra GL 2.2 / 2.0 MPFI',23),('004066-5','Vectra GLS/Expres.2.2/ 2.0 e 2.0 CD 8V',23),('004067-3','Vectra CD 2.2 16V / 2.0 16V Mec./Aut.',23),('004068-1','Vectra CD 2.0 (modelos antigo)',23),('004069-0','Vectra GSi 2.0 16V (modelos antigo)',23),('004070-3','Veraneio S / Luxe 4.1',23),('004071-1','Veraneio S/ Luxe 4.0 Dies./TB Dies.',23),('004072-0','Astra GLS 2.0 MPFI',23),('004073-8','Astra GLS 2.0 MPFI SW',23),('004074-6','Calibra 16V',23),('004075-4','Lumina',23),('004076-2','Silverado',23),('004077-0','Trafic Chassi Longo Diesel',23),('004078-9','Trafic Furgão Carga 2.1 Diesel',23),('004079-7','Trafic Passageiros 2.1 Diesel',23),('004080-0','Corsa Sedan Super 1.0 MPFI 4p',23),('004081-9','Astra GL 1.8 MPFI 3p',23),('004082-7','Astra 2.0/ CD/ Sunny/ GLS 2.0 8V 3p',23),('004083-5','Astra Sedan 2.0/CD/ GLS/ Adv. 2.0 16V 4p',23),('004084-3','Astra Sedan/ Astra GL Sedan 1.8 MPFI 4p',23),('004085-1','Corsa GLS 1.6 MPFI 5p',23),('004086-0','Corsa Pick-Up STD/ Rodeio 1.6 MPFI',23),('004087-8','Corsa Super 1.0 MPFI 16V 3p',23),('004088-6','Silverado Grand Blazer DLX 4.1 mpfi',23),('004089-4','Silverado G. Blazer DLX/ Std 4.2 Dies.TB',23),('004090-8','Omega CD 3.8 V6',23),('004091-6','S10 Blazer Executive 4.3 V6',23),('004092-4','S10 Pick-Up Std. 2.2 MPFI CD',23),('004093-2','S10 Pick-Up 2.5 4x2 CD TB Max HST Dies',23),('004094-0','Silverado 4.1',23),('004095-9','Silverado 4.1 Diesel',23),('004096-7','Silverado 4.2 Turbo Diesel',23),('004097-5','Silverado DLX 4.1',23),('004098-3','Silverado DLX 4.2 Diesel',23),('004099-1','SpaceVan Furgão 2.2',23),('004100-9','SpaceVan Passageiro 2.2',23),('004101-7','SpaceVan Passageiro 2.1Diesel',23),('004102-5','Tigra 1.6 16V',23),('004103-3','Omega Diamond',23),('004104-1','Opala L/SL/SS/ 2.5/4.1',23),('004105-0','S10 Pick-Up Champ 4.3 V6',23),('004106-8','Saturn SL',23),('004107-6','SpaceVan Furgão 2.1 Diesel',23),('004108-4','Suprema Diamond',23),('004109-2','Silverado Conquest 4.1 Diesel',23),('004110-6','Silverado Conquest 4.2 Diesel Turbo',23),('004111-4','Camaro Z-28 Targa/Conv. 5.7',23),('004112-2','Corsa Wagon Super 1.0 MPFI 16V',23),('004113-0','A-10 2.5/4.1',23),('004114-9','A-10 De Luxe 2.5/4.1',23),('004115-7','C-10 2.5/4.1',23),('004116-5','C-10 De Luxe 2.5/4.1',23),('004117-3','Brasinca Blazer CD 4.1',23),('004118-1','D-10 Diesel',23),('004119-0','Marajo SL/SLe/Se',23),('004120-3','Astra GL Milenium 1.8 MPFI 4p',23),('004121-1','Corsa Sed.Wind 1.0/Millenium/Classic VHC',23),('004122-0','Corsa Sedan Super Milenium 1.0 MPFI 16V',23),('004123-8','Tigra Power Tech Coupe 1.6 SFI',23),('004126-2','A-20 Custom Std. CD/ De Luxe CD',23),('004127-0','C-10 CD 2.5/ 4.1',23),('004128-9','C-10 De Luxe CD 2.5/ 4.1',23),('004129-7','C-20 Custom De Luxe 4.1',23),('004130-0','C-20 Custom Std. 4.1',23),('004131-9','C-20 Custom De Luxe CD 4.1',23),('004132-7','C-20 Custom Std. CD 4.1',23),('004133-5','Caprice 4.3 V8',23),('004134-3','Caprice SW 4.3 V8',23),('004135-1','Caprice Victoria',23),('004137-8','Caravan L/SL/S/SS 2.5/4.1/4.2',23),('004138-6','Cavalier 3.1 Conv.',23),('004139-4','Cavalier L 2.0',23),('004140-8','Corvette 5.7/ 6.0, 6.2 Conv.',23),('004141-6','Corvette 5.7/ 6.0, 6.2 Targa',23),('004142-4','D-20 4.0 Champ/Conquest/El Caminho Dies.',23),('004143-2','Monza 1.6i/ 1.8i  (restante)',23),('004144-0','S10 Pick-Up 2.5 4x4 CD TB Max HST Dies.',23),('004145-9','S10 P-Up Luxe 2.5 4x4 CD TB Max HST Dies',23),('004146-7','S10 Pick-Up Executive CD 4.3',23),('004147-5','S10 Pick-Up Executive CD 4.3 4x4',23),('004148-3','Silverado Tropical CD 4.1 MPFI',23),('004149-1','Silverado Tropical CD 4.1 Diesel',23),('004150-5','Silverado Tropical CD 4.2 Diesel',23),('004151-3','Silverado Sport/ Fleet Side 5.7 CS',23),('004152-1','Silverado Sport/Fleet Side 6.5 Dies. CS',23),('004153-0','Suburban 5.7/ 6.5 V8/ 5.3 V8',23),('004155-6','Camaro RS 5.0 V8',23),('004156-4','Camaro Sport 5.0 Conv.',23),('004158-0','Blazer Jimmy 4.3 V6',23),('004159-9','Blazer S-10 4.3 V6',23),('004160-2','Blazer SS-10 4.3 V6',23),('004161-0','Cheynne 4.3 V6',23),('004162-9','S10 Pick-Up 4.3 V6',23),('004163-7','SS10 Pick-Up 4.3 V6',23),('004164-5','Sierra CE 5.7 V8',23),('004165-3','Sierra Sport 5.0 V8',23),('004166-1','Sonoma CE 4.3 V6',23),('004167-0','Syclone 5.7 V8',23),('004168-8','Astra Sedan 2.0/CD/ Expres.GLS 2.0 8V 4p',23),('004169-6','Astra 2.0/ CD/ GLS 2.0 MPFI 16V 3p',23),('004171-8','Corsa Sedan Super 1.0 MPFI 16V 4p',23),('004172-6','Corsa Super 1.0 MPFI 16V 5p',23),('004173-4','Corsa Wind 1.0 MPF/MilleniumI/ EFI 4p',23),('004174-2','S10 Pick-Up 2.8 4x2 Turbo Interc. Dies.',23),('004175-0','S10 P-Up 2.8/Sert. 2.8 4x4 TB Int. Dies.',23),('004176-9','S10 Pick-Up Luxe 2.8 4x2 CD TB Int.Dies.',23),('004177-7','S10 P-Up Lx/Sert/Rod 2.8 4x4 CD TDI Dies',23),('004178-5','S10 Pick-Up Std 2.8 4x2 CD TB Int.Dies.',23),('004179-3','S10 Pick-Up Std 2.8 4x4 CD TB Int.Dies.',23),('004180-7','Silverado DLX 4.2 Conquest HD Diesel',23),('004181-5','Vectra GL 2.2 MPFI Milenium',23),('004182-3','Vectra GLS/ Challenge 2.2 MPFI 16V',23),('004183-1','Brasinca Blazer CD 4.0 Diesel',23),('004184-0','D-10 CD Diesel',23),('004186-6','Corsa Wagon GLS 1.6 8V 4p',23),('004187-4','D-20 S 3.9/4.0 Turbo Diesel',23),('004188-2','Trafic Furgao Carga 2.2',23),('004189-0','Trafic Passageiros 2.2',23),('004190-4','S10 Blazer 4.3 V6',23),('004191-2','Monza Class 1.8/ 2.0',23),('004193-9','S10 Blazer DLX 2.8 4x4 TB Interc. Diesel',23),('004194-7','Astra 500 Sedan 2.0 MPFI 16V 4p',23),('004195-5','Astra S.Sport 2.0 F.Pow. 5p/Sport 2.0 3p',23),('004196-3','Silverado D20/ Rodeio 4.2 TB Diesel',23),('004197-1','Corsa Wind 1.6 MPFi 2p',23),('004198-0','Corsa Wind 1.6 MPFi 4p',23),('004199-8','Corsa Furgão 1.6 MPFi Powertech 92cv',23),('004200-5','Monza SL/e SR 2.0',23),('004201-3','S10 Pick-Up Barretos 2.2 MPFI 2p',23),('004202-1','Celta 1.0/Super/N.Piq.1.0 MPFi VHC 8V 3p',23),('004203-0','Corsa Wind Piquet/ Champ 1.0 MPFI 2p',23),('004204-8','S10 Blazer 2.4 MPFI 8v 128cv 4p',23),('004205-6','S10 Pick-Up 2.4 MPFI 8v 128cv/ Rodeio',23),('004206-4','S10 Pick-Up 2.4 MPFI 8v 128cv CD 4p',23),('004207-2','Corsa Super 1.6 MPFI 8v 5p',23),('004208-0','Corsa Sedan Super/ Classic 1.6 MPFI 8v 4',23),('004209-9','Corsa Wagon Super 1.6 MPFI 8v',23),('004210-2','Tracker 2.0 4x4 TB Int. Diesel 4p',23),('004211-0','Zafira 2.0/ CD 2.0  8V  MPFI 5p Mec.',23),('004212-9','Zafira 2.0/ CD 2.0 16V  MPFI 5p',23),('004213-7','Corsa Pick-Up Sport 1.6 MPFI',23),('004214-5','Silverado Trop. SL/ Van T.Diesel (todas)',23),('004215-3','Astra Sedan 2.0/ CD 2.0 MPFI 8V 4p Aut.',23),('004216-1','Astra Sedan 1.8 MPFI 8V 4p (taxi)',23),('004217-0','S10 Pick-Up Exec. 2.8 4x4 CD TB Int.Dies',23),('004218-8','Corsa Hatchback 1.0 MPFI 8V 71cv 5p',23),('004219-6','Corsa Sedan 1.0 MPFI 8V 71cv 4p',23),('004220-0','Corsa Hatchback 1.8 MPFI 8V 102cv 5p',23),('004221-8','Corsa Sedan 1.8 MPFI 8V  102cv 4p',23),('004222-6','Zafira 2.0/ CD 2.0 8V MPFI 5p Aut.',23),('004223-4','Astra 2.0/ CD 2.0 8V 3p Aut.',23),('004226-9','S10 Blazer  DTi 2.8 4x2 Turbo Diesel',23),('004227-7','Celta 1.0/ Super 1.0 MPFI VHC 8v 5p',23),('004228-5','Meriva 1.8/ CD 1.8 MPFI 8V 102cv 5p',23),('004229-3','Meriva 1.8/ CD 1.8 MPFI 16V 122cv 5p',23),('004230-7','Astra GSi 2.0 16v 136cv Hatchback 5p',23),('004231-5','Astra 2.0 8V/ CD 2.0 8V Hatchback 5p Mec',23),('004232-3','Astra 2.0 8V/ CD 2.0 8V Hatchback 5p Aut',23),('004233-1','Corsa Hatchback 1.8 MPFI FlexPower 8V 5p',23),('004234-0','Corsa Sedan 1.8 MPFI FlexPower 8V 4p',23),('004235-8','Celta 1.4/ Super/ Energy 1.4 8V 85cv 3p',23),('004236-6','Celta 1.4/ Super/ Energy 1.4 8V 85cv 5p',23),('004237-4','S10 Blazer DLX 2.4 MPFI 128cv 4p',23),('004238-2','S10 Pick-Up DLX 2.4 MPFI 128cv CD 4p',23),('004239-0','MONTANA 1.8/ 1.8 Conquest FlexPower 8V',23),('004240-4','MONTANA  Sport 1.8 MPFI FlexPower 8V',23),('004241-2','MONTANA Off Road 1.8 MPFI FlexPower 8V',23),('004242-0','Meriva 1.8/ CD 1.8 MPFI FlexPower 8V',23),('004243-9','Vectra Expres./ Collection  2.0 MPFI 8V',23),('004244-7','S10 Blazer Executive 2.8 4x4 TDI Diesel',23),('004245-5','Zafira Comfort 2.0 MPFI FlexPower 8V 5p',23),('004246-3','Zafira Elegance 2.0 MPFI FlexPower 8V 5p',23),('004247-1','Zafira Eleg.2.0 MPFI FlexPower 8V 5p Aut',23),('004248-0','Zafira Elite 2.0 MPFI FlexPower 8V 5p',23),('004249-8','Zafira Elite 2.0 MPFI FlexPower 8V  Aut',23),('004250-1','Zafira Elegance 2.0 MPFI 16v 136cv 5p',23),('004251-0','Zafira Elite 2.0 MPFI 16v 136cv 5p',23),('004252-8','Astra Comfort 2.0 MPFI FlexPower 8V 3p',23),('004253-6','Astra Elegance 2.0 MPFI FlexPower 8V 3p',23),('004254-4','Astra Comfort 2.0 MPFI FlexPower 8V 5p',23),('004255-2','Astra Elegance 2.0 MPFI FlexPower 8V 5p',23),('004256-0','Astra Eleg. 2.0 MPFI FlexPower 8V 5p Aut',23),('004257-9','Astra Elite 2.0 MPFI FlexPower 8V 5p Mec',23),('004258-7','Astra Sed.Comf. 2.0 MPFI FlexPower 8V 4p',23),('004259-5','Astra Sed.Eleg.2.0 MPFI FlexPower 8V 4p',23),('004260-9','Astra Sed.Eleg. 2.0 MPFI FlexP.8V 4p Aut',23),('004261-7','Astra Sed.Elite 2.0 MPFI FlexPower 8V 4p',23),('004262-5','Astra Sed.Elite 2.0 MPFI FlexP.8V 4p Aut',23),('004263-3','Astra Sedan Comfort 1.8 MPFI 8V 4p',23),('004264-1','Celta Life 1.0 MPFI VHC 8V 3p',23),('004265-0','Celta Spirit 1.0 MPFI VHC 8V 3p',23),('004266-8','Celta Life 1.0 MPFI VHC 8V 5p',23),('004267-6','Celta Spirit 1.0 MPFI VHC 8V 5p',23),('004268-4','Celta Life 1.4 MPFI 8V 85cv 3p',23),('004269-2','Celta Spirit 1.4 MPFI 8V 85cv 3p',23),('004270-6','Celta Life 1.4 MPFI 8V 85cv 5p',23),('004271-4','Celta Spirit 1.4 MPFI 8V 85cv 5p',23),('004272-2','Corsa Sed Class.Life 1.0/1.0 FlexPower',23),('004273-0','Corsa Sed Class.Spirit 1.0/1.0 FlexPower',23),('004274-9','Corsa Sed Class.Super 1.0/1.0 FlexPower',23),('004275-7','Corsa Sed Classic Life 1.6 MPFI VHC 8V',23),('004276-5','Corsa Sed Classic Spirit 1.6 MPFI VHC 8V',23),('004277-3','Corsa Sed Classic Super 1.6 MPFI VHC 8V',23),('004278-1','Corsa Sed Clas.Spirit 1.6MPFI VHC 8V Aut',23),('004279-0','Corsa Sed Clas.Super 1.6MPFI VHC 8V Aut',23),('004280-3','Corsa Hat. Joy 1.0/ 1.0 FlexPower 8V 5p',23),('004281-1','Corsa Hat. Maxx 1.0/ 1.0 FlexPower 8V 5p',23),('004282-0','Corsa Hat. Prem. 1.0/1.0 FlexPower 8V 5p',23),('004283-8','Corsa Sed. Joy 1.0/ 1.0 FlexPower 8V 4p',23),('004284-6','Corsa Sed. Maxx 1.0/ 1.0 FlexPower 8V 4p',23),('004285-4','Corsa Sed.Prem. 1.0/ 1.0 FlexPower 8V 4p',23),('004286-2','Corsa Hat. Joy 1.8 MPFI 8V FlexPower 5p',23),('004287-0','Corsa Hat. Maxx 1.8 MPFI 8V FlexPower 5p',23),('004288-9','Corsa Hat.Premium 1.8 MPFI 8V F.Power 5p',23),('004289-7','Corsa Sed. Joy 1.8 MPFI 8V FlexPower',23),('004290-0','Corsa Sed. Maxx 1.8 MPFI 8V FlexPower',23),('004291-9','Corsa Sed. Premium 1.8 MPFI 8V FlexPower',23),('004292-7','Meriva Joy 1.8 MPFI 8V FlexPower',23),('004293-5','Meriva Maxx 1.8 MPFI 8V FlexPower',23),('004294-3','Meriva Premium 1.8 MPFI 8V FlexPower',23),('004295-1','Vectra Comfort 2.0 MPFI',23),('004296-0','Vectra Elegance 2.0 MPFI',23),('004297-8','Vectra Elite 2.0 MPFI',23),('004298-6','Vectra Elegance 2.2 MPFI 16V Aut.',23),('004299-4','Vectra Elite 2.2 MPFI 16V Aut.',23),('004300-1','S10 Pick-Up Exec. 2.8 4x2 CD TB Int.Dies',23),('004301-0','S10 P-Up Colina 2.8 TDI 4x2/4x4 CS Dies.',23),('004302-8','S10 P-Up Colina 2.4 MPFI 128cv CD 4p',23),('004303-6','S10 Pick-Up Tornado 2.4 MPFI 128cv CD 4p',23),('004304-4','S10 P-Up Colina 2.8 TDI 4x2/4x4 CD Dies.',23),('004305-2','S10 P-Up Tornado 2.8 TDI 4x2/4x4 CD Dies',23),('004306-0','S10 Blazer Colina 2.4/2.4 MPFI F.Power',23),('004307-9','S10 Blazer Tornado 2.4 MPFI 8V 128cv',23),('004308-7','S10 Blazer Advant. 2.4/2.4 MPFI F.Power',23),('004309-5','S10 Blazer Colina 2.8 TDI 4x4 Diesel',23),('004310-9','Astra Elite 2.0 MPFI Flex Pow. 8V 5p Aut',23),('004311-7','S10 P-Up Colina 2.4/2.4 MPFI F.Power CS',23),('004312-5','Astra Advantage 2.0 MPFI FlexPower 8V 3p',23),('004313-3','Astra Sed.Comf.2.0 MPFI MultiPower 8V 4p',23),('004314-1','Astra Sed.Eleg.2.0 MPFI MultiPower 8V 4p',23),('004315-0','Omega CD/ FITTIPALDI 3.6 V6 24V 4p',23),('004316-8','Celta Super 1.0 MPFI 8V FlexPower 3p',23),('004317-6','Celta Super 1.0 MPFI 8V FlexPower 5p',23),('004318-4','Celta Life/ LS 1.0 MPFI 8V FlexPower 3p',23),('004319-2','Celta Life/ LS 1.0 MPFI 8V FlexPower 5p',23),('004320-6','Celta Spirit 1.0 MPFI 8V FlexPower 3p',23),('004321-4','Celta Spirit/ LT 1.0 MPFI 8V FlexP. 5p',23),('004322-2','S10 P-Up Advant. 2.4/2.4 MPFI F.Power CD',23),('004323-0','Vectra Elegan. 2.0 MPFI 8V FlexPower Mec',23),('004324-9','Vectra Elegan. 2.0 MPFI 8V FlexPower Aut',23),('004325-7','Vectra Elite 2.4 MPFI 16V FlexPower Aut.',23),('004326-5','Corsa Hat. SS 1.8 MPFI 8V FlexPower 5p',23),('004327-3','Meriva SS 1.8 MPFI 8V FlexPower 5p',23),('004328-1','Astra Advantage 2.0 MPFI 8V FlexPower 5p',23),('004329-0','Astra Sed. Advant. 2.0 8V MPFI FlexP. 4p',23),('004330-3','Astra Advant. 2.0 MPFI 8V FlexP. 5p Aut.',23),('004331-1','Astra Sed.Advant. 2.0 8V MPFI FlexP. Aut',23),('004332-0','PRISMA Sed. Joy 1.4 8V ECONOFLEX 4p',23),('004333-8','PRISMA  Sed. Maxx/ LT 1.4 8V ECONOF. 4p',23),('004334-6','TRACKER 2.0 16v 128cv MPFI 4x4 5p',23),('004335-4','Zafira Expres. 2.0 MPFI FlexPower 5p Aut',23),('004336-2','Vectra EXPRESSION 2.0 MPFI FlexPower Mec',23),('004337-0','Vectra EXPRESSION 2.0 MPFI FlexPower Aut',23),('004338-9','MONTANA 1.4 8V Conquest ECONOFLEX  2p',23),('004339-7','Corsa Hat. Maxx 1.4 8V ECONOFLEX 5p',23),('004340-0','Corsa Hat. Premium 1.4 8V ECONOFLEX 5p',23),('004341-9','Corsa Sed. Maxx 1.4 8V ECONOFLEX 4p',23),('004342-7','Corsa Sed. Premium 1.4 8V ECONOFLEX 4p',23),('004343-5','Vectra GT 2.0 MPFI 8V FlexPower Mec.',23),('004344-3','Vectra GT 2.0 MPFI 8V FlexPower Aut.',23),('004345-1','Vectra GT-X 2.0 MPFI 8V FlexPower Mec.',23),('004346-0','Vectra GT-X 2.0 MPFI 8V FlexPower Aut.',23),('004347-8','Meriva Prem.EASYTRONIC 1.8 FlexPower 5p',23),('004348-6','Vectra Elite 2.0 MPFI 8V FlexPower Aut.',23),('004349-4','S10 P-Up Advantage 2.4 MPFI F.Power CS',23),('004350-8','S10 P-Up Executive 2.4 MPFI F.Power CD',23),('004351-6','CAPTIVA SPORT FWD 3.6 V6 24V 261cv 4x2',23),('004352-4','CAPTIVA SPORT AWD 3.6 V6 24V 261cv 4x4',23),('004353-2','Meriva Joy 1.4 MPFI 8V ECONOFLEX 5p',23),('004354-0','Meriva Maxx 1.4 MPFI 8V ECONOFLEX 5p',23),('004355-9','Meriva Expres.EASYTRONIC 1.8 FlexPower',23),('004356-7','Meriva SS EASYTRONIC 1.8 FlexPower 5p',23),('004357-5','CAPTIVA SPORT FWD 2.4 16V 171/185 cv 4x2',23),('004358-3','PRISMA Sed. Joy/ LS 1.0 8V FlexPower 4p',23),('004359-1','PRISMA Sed. Maxx 1.0 8V FlexPower 4p',23),('004360-5','Classic/ Classic LS 1.0 VHC FlexPower 4p',23),('004361-3','MONTANA COMBO 1.4 8V ECONOFLEX',23),('004362-1','AGILE LT 1.4 MPFI 8V FlexPower 5p',23),('004363-0','AGILE LTZ 1.4 MPFI 8V FlexPower 5p',23),('004364-8','MONTANA ARENA 1.4 ECONOFLEX  8V 2p',23),('004365-6','MONTANA Sport 1.4 ECONOFLEX 8V 2p',23),('004366-4','MALIBU LTZ 2.4 16V 171cv 4p',23),('004367-2','S10 Pick-Up RODEIO 2.4 MPFI F.Power CD',23),('004368-0','S10 Pick-Up RODEIO 2.8 TDI 4x2 CD Dies.',23),('004369-9','S10 Pick-Up RODEIO 2.8 TDI 4x4 CD Dies.',23),('004370-2','MONTANA LS 1.4 ECONOFLEX 8V 2p',23),('004371-0','CAMARO SS 6.2 V8 16V 406cv',23),('004376-1','CAPTIVA SPORT FWD 3.0 V6 24V 268cv 4x2',23),('004377-0','CAPTIVA SPORT AWD 3.0 V6 24V 268cv 4x4',23),('004378-8','Vectra COLLECTION 2.0 FlexPower 8V Aut.',23),('004379-6','CRUZE LT 1.8 16V FlexPower 4p Mec.',23),('004380-0','CRUZE LT 1.8 16V FlexPower 4p Aut.',23),('004381-8','CRUZE LTZ 1.8 16V FlexPower 4p Aut.',23),('004382-6','AGILE LTZ WI-FI 1.4 8V FlexPower 5p',23),('004383-4','COBALT LS 1.4 8V FlexPower 4p',23),('004384-2','COBALT LT 1.4 8V FlexPower 4p',23),('004385-0','COBALT LTZ 1.4 8V FlexPower 4p',23),('004386-9','S10 Pick-Up LS 2.4 F.Power 4x2 CS',23),('004387-7','S10 Pick-Up LT 2.4 F.Power 4x2 CS',23),('004388-5','S10 Pick-Up LS 2.4 F.Power 4x2 CD',23),('004389-3','S10 Pick-Up LT 2.4 F.Power 4x2 CD',23),('004390-7','S10 Pick-Up LTZ 2.4 F.Power 4x2 CD',23),('004391-5','S10 Pick-Up LS 2.8 TDI 4x4 CS Diesel',23),('004392-3','S10 Pick-Up LT 2.8 TDI 4x2 CD Diesel',23),('004393-1','S10 Pick-Up LT 2.8 TDI 4x2 CD Diesel Aut',23),('004394-0','S10 Pick-Up LT 2.8 TDI 4x4 CD Diesel',23),('004395-8','S10 Pick-Up LT 2.8 TDI 4x4 CD Diesel Aut',23),('004396-6','S10 Pick-Up LTZ 2.8 TDI 4x2 CD Dies.Aut',23),('004397-4','S10 Pick-Up LTZ 2.8 TDI 4x4 CD Dies.Aut',23),('005001-6','Gol 1000 Mi 2p  / 1000i',59),('005002-4','Gol 1000 Mi 16V/ Ouro  2p',59),('005004-0','Gol 1000 Mi Plus 16V 2p e 4p',59),('005005-9','Gol CL 1.6 Mi 2p e 4p',59),('005006-7','Gol CL 1.8 Mi 2p e 4p',59),('005007-5','Gol GL 1.8 Mi 2p e 4p',59),('005008-3','Parati 1000 Mi 16V 2p e 4p',59),('005009-1','Parati C 1.6/ CL 1.6 Mi 2p e 4p',59),('005010-5','Parati CL 1.8 Mi 2p e 4p',59),('005011-3','Parati GL 1.8 Mi/ Club 1.8 Mi 2p e 4p',59),('005012-1','Parati GLS 2.0 Mi 2/4p',59),('005013-0','Polo Classic/ Special 1.8 Mi',59),('005014-8','Quantum 1.8 Mi/ 1.8i',59),('005015-6','Quantum 2.0 Mi',59),('005016-4','Quantum Exclusiv 2.0 Mi',59),('005017-2','Santana 1.8 Mi',59),('005018-0','Santana 2.0 Mi 2p e 4p',59),('005019-9','Santana Exclusiv 2.0 Mi/ Executivo 2.0i',59),('005020-2','Saveiro CL 1.6 Mi / CL/ C 1.6',59),('005021-0','Saveiro CL/ Summer 1.8 Mi e 1.8',59),('005022-9','Kombi Pick-Up',59),('005023-7','Kombi Furgão',59),('005024-5','Kombi Standard/ Luxo/ Série Prata',59),('005025-3','Apolo GL 1.8',59),('005026-1','Apolo GLS/ Vip 1.8',59),('005027-0','Fusca',59),('005028-8','Gol 1000 (modelos antigo)',59),('005029-6','Gol 1000i Plus 2p',59),('005030-0','Gol 1000 Mi Plus 8v 2p e 4p',59),('005031-8','Gol Furgao 1.0 mi',59),('005032-6','Gol CLi / CL/ Copa/ Stones 1.6',59),('005033-4','Gol CLi / CL 1.8',59),('005034-2','Gol GL 1.6 Mi/Star 1.6 e 1.8/Atlanta 1.6',59),('005035-0','Gol GLi / GL/ Atlanta 1.8',59),('005036-9','Gol GT/GTS 1.8',59),('005037-7','Gol TSi 1.8/ 1.8Mi',59),('005038-5','Gol TSi 2000 2p e 4p',59),('005040-7','Gol GTi 2.0',59),('005041-5','Gol GTi 2000 16V',59),('005042-3','Logus 1.6 / CLi / CL/ GL',59),('005043-1','Logus 1.8 / CLi / CL',59),('005044-0','Logus GLi / GL 1.8',59),('005045-8','Logus GLS 1.8',59),('005046-6','Logus GLSi / GLS 2000',59),('005047-4','Logus Wolfsburg Edition 2000i',59),('005048-2','Parati CLi / CL/ Atlanta 1.6',59),('005049-0','Parati CLi / CL/ Atlanta 1.8',59),('005050-4','Parati GL 1.6 Mi/ 1.6/ GLS/ Club 1.6',59),('005051-2','Parati GLi / GL 1.8',59),('005052-0','Parati GLSi 2.0 / GLS/ Surf 1.8',59),('005053-9','Parati GTi 2.0 Mi 16V',59),('005054-7','Passat Pointer GTS',59),('005055-5','Pointer 1.8 / CLi',59),('005056-3','Pointer GLi 1.8',59),('005057-1','Pointer GLi 2.0',59),('005058-0','Pointer GTi 2.0',59),('005059-8','Quantum CLi / CL / C/ CS/ CD/ CG 1.8/2.0',59),('005060-1','Quantum GLi / GL 1.8/ 2.0',59),('005061-0','Quantum GLSi / GLS 1.8/Sport/ Family 2.0',59),('005062-8','Santana CLi /CL /C 1.8/2.0 /SU 2.0 2p/4p',59),('005063-6','Santana GLi / GL/ Sport 1.8/ 2.0',59),('005064-4','Santana GLSi / GLS 1.8/ 2.0',59),('005065-2','Saveiro GL 1.8Mi e 1.6/GL/LS/S/ Sunset',59),('005066-0','Voyage C/CL/Fox 1.6',59),('005067-9','Voyage CL 1.8',59),('005068-7','Voyage GL/ Special 1.6/ 1.8',59),('005069-5','Voyage GL 1.8 4p (Argentino)',59),('005070-9','Voyage L/LS/Plus/GLS/S/Sport/Super L.Ang',59),('005071-7','Golf GL 1.8/ 2.0i 4p',59),('005072-5','Golf GLX 2.0 4p',59),('005073-3','Golf GTi 2.0',59),('005074-1','Passat 2.0',59),('005075-0','Passat Variant 2.0',59),('005076-8','Passat Variant VR6 2.8',59),('005077-6','Passat VR6 2.8',59),('005078-4','Gol 1.6 Mi/ 1.6i 2p',59),('005079-2','Gol Special/ Special Xtreme 1.0 Mi 2p',59),('005080-6','Gol GLS 2.0 Mi',59),('005081-4','Kombi Carat',59),('005083-0','Caravelle 2.4 Diesel',59),('005084-9','Eurovan 2.4 Diesel',59),('005085-7','Golf 1.6Mi/ 1.6Mi Gener./Black & Silver',59),('005087-3','Golf GTI 1.8 Turbo',59),('005088-1','Passat 1.8 Mec.',59),('005089-0','Passat Variant 1.8 Mec.',59),('005090-3','Passat Turbo 1.8 Mec.',59),('005091-1','Passat Variant Turbo 1.8',59),('005092-0','Passat 2.8 V6 Mec.',59),('005093-8','Passat Variant 2.8 V6',59),('005094-6','Saveiro 1.6 Mi/ 1.6 Mi Total Flex 8V',59),('005095-4','Saveiro TSi 2.0 Mi',59),('005096-2','Van 1.6 Mi (furgão)',59),('005097-0','Quantum Evidenc 2.0 MI',59),('005098-9','Santana Evidenc 2.0 MI',59),('005099-7','Golf GTI VR6/ Golf 2.8 VR6',59),('005100-4','Parati Plus/ LS/ S',59),('005101-2','Passat  L/LS/LSe/GL/GLS/TS/Fla/Vill/Plus',59),('005102-0','Santana CS/CD/CG',59),('005103-9','Gol L 1.3/ L/ LS/ C/ S/ BX/ Plus 1.6',59),('005104-7','Gol 1.8 Mi',59),('005105-5','Gol 2.0 Mi 2p',59),('005106-3','Golf 2.0/ 2.0 Mi Flex Comfortline/ Sport',59),('005107-1','Golf GTi 1.8 Mi 20V 2p Turbo Mec.',59),('005108-0','Parati 1.6 Mi/ 1.6 Mi City',59),('005109-8','Parati 1.8 Mi/ 1.8 Mi Plus',59),('005110-1','Parati 2.0 Mi/ 2.0 Mi Track & Field',59),('005111-0','New Beetle 2.0 Mi Mec./Aut.',59),('005112-8','Passat 2.8 V6 Tiptronic',59),('005113-6','Passat 1.8 Tiptronic',59),('005114-4','Passat Variant 2.8 V6 Tiptronic',59),('005115-2','Passat Variant Turbo 1.8 Tiptronic',59),('005117-9','Corrado G-60 2.8',59),('005118-7','Corrado 2.0 Turbo',59),('005119-5','Gol Furgão 1.6 Mi/ 1.6i/ 1.6',59),('005120-9','Golf GTi Cabrio 2.0 Mi',59),('005121-7','Jetta GLX III 2.8 VR6',59),('005122-5','Saveiro Diesel (todas)',59),('005124-1','Gol 1.6 Mi/ Power 1.6 Mi 4p',59),('005125-0','Gol 1.8 Mi 4p',59),('005126-8','Gol 1000 Mi 16V/ Ouro 4p',59),('005127-6','Gol 1000 Mi 4p',59),('005128-4','Gol 2.0 Mi 4p',59),('005129-2','Golf 2.0/ 2.0 Mi Flex Aut.',59),('005130-6','Golf 2.0/ 2.0 Mi Flex Comfortline Aut.',59),('005131-4','Golf GTi 1.8 Mi 20V Turbo 2p Aut.',59),('005132-2','Passat 1.8 Aut.',59),('005134-9','Passat Turbo 1.8 Tiptronic',59),('005135-7','Passat Variant 1.8 Aut.',59),('005136-5','Kombi Lotação 1.6 MPi',59),('005137-3','Kombi Escolar 1.6 MPi',59),('005138-1','Kombi Furgão Diesel',59),('005139-0','Kombi Pick-Up Diesel',59),('005140-3','Saveiro 2.0 Mi',59),('005141-1','Golf 2.0/ 2.0 T. Flex Mec.(Black & Silv)',59),('005142-0','Saveiro 1.8 Mi',59),('005144-6','Gol 1000 Mi 16V 2p Turbo',59),('005145-4','Parati 1000 Mi 16V 4p Turbo',59),('005146-2','Gol 1000 Mi 16V 4p Turbo',59),('005147-0','Gol 1.0 Plus 16v 4p',59),('005148-9','Gol 1.0 Plus 16v 2p',59),('005149-7','Gol 1.0 Plus 8v 4p',59),('005150-0','Gol 1.0 Plus 8v 2p',59),('005151-9','Parati 1.0 Mi Plus 16v 4p',59),('005152-7','Parati 1.0 Mi Summer 16v 4p',59),('005153-5','Bora 2.0/ 2.0 Flex 8v Mec.',59),('005154-3','Bora 2.0/ 2.0 Flex 8v Aut.',59),('005155-1','Bora 2.0 8v Comfortline Mec.',59),('005156-0','Bora 2.0 8v Comfortline Aut.',59),('005157-8','Golf GTi 1.8 Mi 20V Turbo 4p Mec.',59),('005158-6','Golf GTi 1.8 Mi 20V Turbo 4p Aut.',59),('005159-4','Gol 1.0 Mi FUN/ Highway/ Sport 16V  2/4p',59),('005160-8','Parati 1.0 Mi FUN/ SunSet 16V 4p',59),('005161-6','Saveiro FUN 1.8 99cv/ City e S.Surf  1.6',59),('005162-4','Gol 1.0 Power 16v 76cv 4p',59),('005163-2','Gol 1.0 Trend/ Power 8V 2p',59),('005164-0','Gol 1.0 Trend/ Power 8V 4p',59),('005165-9','Parati 1.0 Mi Tour 16V 76cv 4p',59),('005166-7','Parati 1.8 Mi Tour 8V 99cv 4p',59),('005167-5','Parati 2.0 Mi Tour 8V 112cv 4p',59),('005168-3','Grand Saveiro Xtreme/Street  1.6/1.8/2.0',59),('005169-1','Parati Utility 1.8 8V/ 1.0 Turbo 16V',59),('005170-5','Golf GTi 1.8 Mi 180/193cv Turbo 4p Tip.',59),('005171-3','Golf GTi 1.8 Mi 180/193cv Turbo 4p Mec.',59),('005172-1','Polo 1.6 Mi/ S.Ouro 1.6Mi 101cv 8V 5p',59),('005173-0','Polo 2.0 Mi 116cv 8V 5p',59),('005174-8','Polo 1.0 Mi 79cv 16V 5p',59),('005177-2','Polo Classic 1.0 Mi 16v  65cv 4p',59),('005178-0','Gol Special 1.6 Mi 8V 99cv 2p',59),('005179-9','Gol City 1.0 Mi 8V 2p',59),('005180-2','Gol City 1.0 Mi 8V 4p',59),('005181-0','Gol City 1.6 Mi 8V 2p',59),('005182-9','Gol City 1.6 Mi 8V 4p',59),('005183-7','Parati Evidence 1.8 8V/ 1.0 16V TB 4p',59),('005184-5','Passat 2.8 V6 Protect Tiptronic',59),('005185-3','Polo Sedan 1.6 Mi 101cv 8V 4p',59),('005186-1','Polo Sed./ Sed. COMF. 2.0/2.0 Flex 8V 4p',59),('005187-0','Golf 1.6 Mi Trip/ Sport 101cv 8V',59),('005188-8','Parati CROSSOVER 2.0 8V/ 1.0 16V TB 4p',59),('005189-6','Gol Special 1.0 Mi 4p',59),('005190-0','Gol 1.6 Mi Power Total Flex 8V 4p',59),('005191-8','Polo Next 1.6 Mi 101cv 8V 5p',59),('005192-6','Parati 1.6Mi/1.6Mi City/T.Field T.Flex',59),('005193-4','Saveiro 1.6 Mi/ 1.6Mi City Total Flex 8V',59),('005194-2','Saveiro Super Surf 1.6 Mi Total Flex 8V',59),('005195-0','Gol City 1.6 Mi Total Flex 8V 4p',59),('005196-9','Gol 1.6 Mi Plus Total Flex 8V 4p',59),('005197-7','Gol 1.6 Mi Plus Total Flex 8V 2p',59),('005198-5','Fox City 1.0Mi/ 1.0Mi Total Flex 8V 3p',59),('005199-3','Fox Plus 1.0Mi/ 1.0Mi Total Flex 8V 3p',59),('005200-0','Fox Plus 1.6Mi/ 1.6Mi Total Flex 8V 3p',59),('005201-9','Fox Sportline/Sports 1.0/1.0 Tot.Flex 3p',59),('005202-7','Fox Sportline/Sports 1.6/1.6 Tot.Flex 3p',59),('005203-5','Saveiro Super Surf  1.8 Mi 8V 99cv',59),('005204-3','TOUAREG 4.2 32V V8 310cv Tiptronic 5p',59),('005205-1','Fox City 1.0 Mi/ 1.0Mi Total Flex 8V 4p',59),('005206-0','Fox Plus 1.0Mi/ 1.0Mi Total Flex 8V 4p',59),('005207-8','Fox Plus 1.6Mi/ 1.6Mi Total Flex 8V 4p',59),('005208-6','Fox Sportline/Sports 1.6/1.6 Tot.Flex 4p',59),('005209-4','Golf 1.8 Mi Sport 150cv Turbo Mec/Aut.',59),('005210-8','Gol 1.6 Mi Rallye Total Flex 8V 4p',59),('005211-6','Parati 1.6 Mi Plus Total Flex  8V 4p',59),('005212-4','Fox Sportline/Sports 1.0 Tot.Flex 8V 4p',59),('005213-2','Polo 1.6 Mi/S.Ouro 1.6 Mi Tot.Flex 8V 5p',59),('005214-0','Polo Sedan 1.6 Mi Total Flex 8V 4p',59),('005215-9','Saveiro CROSSOVER 1.8 Mi 8V',59),('005216-7','Gol 1.8 Mi Power Total Flex 8V 4p',59),('005217-5','Gol 1.8 Mi Rallye Total Flex 8V 4p',59),('005218-3','Parati 1.8 Mi City Total Flex 8V 4p',59),('005219-1','Parati 1.8 Mi Plus Total Flex 8V 4p',59),('005220-5','Parati 1.8 Mi T. Field Total Flex 8V 4p',59),('005221-3','Parati 1.8 Mi CROSSOVER Total Flex 8V 4p',59),('005222-1','Saveiro City 1.8 Mi Total Flex 8V',59),('005223-0','Saveiro Super Surf 1.8 Mi Total Flex 8V',59),('005224-8','Saveiro CROSSOVER 1.8 Mi Total Flex 8V',59),('005225-6','CROSSFOX 1.6 Mi Total Flex 8V 5p',59),('005226-4','Polo Sedan Evidence 1.6 Mi T.Flex 8v 4p',59),('005227-2','Gol City (Trend) 1.0 Mi Total Flex 8V 2p',59),('005228-0','Gol City (Trend) 1.0 Mi Total Flex 8V 4p',59),('005229-9','Gol City 1.6 Mi Total Flex 8V 2p',59),('005230-2','Gol Plus 1.0 Mi Total Flex 2p',59),('005231-0','Gol Plus 1.0 Mi Total Flex 4p',59),('005232-9','Parati COMFORTLINE 1.8 Mi Tot.Flex 8V 4p',59),('005233-7','Saveiro SPORTLINE 1.8 Mi Total Flex 8V',59),('005234-5','Passat 2.0 FSI Tiptronic',59),('005235-3','TOUAREG 3.2 24V V6 177cv Tiptronic 5p',59),('005236-1','Golf Flash 1.6 Mi/1.6 Mi Tot. Flex 8V 4p',59),('005237-0','Passat Variant  2.0 FSI 150cv Tiptron.5p',59),('005238-8','Kombi Standard 1.4 Mi Total Flex 8V',59),('005239-6','Kombi Furgão 1.4 Mi Total Flex 8V',59),('005240-0','Kombi Lotação 1.4 Mi Total Flex 8V',59),('005241-8','Kombi Escolar/ 50 anos 1.4 Mi Total Flex',59),('005242-6','Parati COMFORTLINE 1.6 Mi Tot.Flex 8V 4p',59),('005243-4','Gol COPA 1.0 Mi Total Flex 8V 4p',59),('005244-2','Gol COPA 1.6 Mi Total Flex 8V 4p',59),('005245-0','Santana COMFORTLINE 1.8 Mi 8V 4p',59),('005246-9','Saveiro CROSSOVER 1.6 Mi Total Flex 8V',59),('005247-7','Saveiro SPORTLINE 1.6 Mi Total Flex 8V',59),('005248-5','Polo Sed. COMFORT. 1.6 Mi Tot. Flex 8v',59),('005249-3','Polo SPORTLINE 1.6 Mi Total Flex 8V 5p',59),('005250-7','SPACEFOX COMFORTLINE 1.6 Mi T.Flex 8V 4p',59),('005251-5','SPACEFOX 1.6/ 1.6 Trend Total Flex 8V 4p',59),('005252-3','Golf 1.6 Mi Total Flex 8V 4p',59),('005253-1','Gol TECH 1.0 Mi Total Flex 8V 2p',59),('005254-0','Gol TECH 1.0 Mi Total Flex 8V 4p',59),('005255-8','JETTA 2.5 20V 150/170cv Tiptronic',59),('005256-6','Passat Variant Turbo 2.0 FSI Tiptron. 5p',59),('005257-4','Passat Turbo 2.0 FSI/TSI Tiptronic 4p',59),('005258-2','Polo GTI 1.8 Mi 150cv 20V Turbo 3p',59),('005259-0','Golf Sportline 1.6 Mi Total Flex 8V 4p',59),('005260-4','Passat 3.2 V6 FSI 24V 250cv Tip.',59),('005261-2','Passat Variant 3.2 V6 FSI 24V 250cv Tip.',59),('005262-0','Fox Route 1.0 Mi Total Flex 8V 3p',59),('005263-9','Fox Route 1.0 Mi Total Flex 8V 5p',59),('005264-7','Fox Route 1.6 Mi Total Flex 8V 3p',59),('005265-5','Fox Route 1.6 Mi Total Flex 8V 5p',59),('005266-3','TOUAREG 3.6 24V V6 280cv Tiptronic 5p',59),('005267-1','Saveiro TITAN  1.6 Mi Total Flex 2p',59),('005268-0','Saveiro SURF 1.6 Mi Total Flex 2p',59),('005269-8','Saveiro SURF 1.8 Mi Total Flex 2p',59),('005270-1','Parati SURF 1.6 Mi Total Flex',59),('005271-0','Parati SURF 1.8 Mi Total Flex',59),('005272-8','JETTA Variant 2.5 20V 170cv Tiptronic',59),('005273-6','Golf  TECH 1.6 Mi Total Flex 8V 4p',59),('005274-4','Fox extreme 1.6 Mi Total Flex 8V 5p',59),('005275-2','Gol (novo) 1.0 Mi Total Flex 8V 4p',59),('005276-0','Gol (novo) 1.6 Mi Total Flex 8V 4p',59),('005277-9','Gol (novo) 1.6 Mi Power Total Flex 8v 4P',59),('005278-7','Golf GT 2.0 Mi Total Flex 8V 4p',59),('005279-5','SPACEFOX  SPORTLINE 1.6 Mi T.Flex 4p',59),('005280-9','VOYAGE COMFORTLINE 1.6 Mi T.Flex 8V 4p',59),('005281-7','VOYAGE TREND 1.6 Mi Total Flex 8V 4p',59),('005282-5','VOYAGE 1.6 Mi Total Flex 8V 4p',59),('005283-3','VOYAGE 1.0 Mi Total Flex 8V 4p',59),('005284-1','POLO GT 2.0 Mi Total Flex 8V 5p',59),('005285-0','Golf GT 2.0 Mi T. Flex 8V 4p Tiptronic',59),('005286-8','SPACEFOX Route 1.6 Mi T.Flex 4p',59),('005287-6','EOS Cab. 2.0 Turbo FSI Tiptronic',59),('005288-4','POLO BLUEMOTION 1.6 Total Flex 8V 5p',59),('005289-2','Parati TITAN 1.6 Mi Total Flex 8V 4p',59),('005290-6','Polo 1.6 E-Flex 8V 5p',59),('005291-4','TIGUAN 2.0 TSI 16V 200cv Tiptronic 5p',59),('005292-2','Passat CC 3.6 V6 FSI 300cv Tiptronic',59),('005293-0','Fox SUNRISE 1.0 Mi Total Flex 8V 5p',59),('005294-9','Polo I MOTION 1.6 Total Flex  5p',59),('005295-7','Polo SPORTLINE I MOTION 1.6 T.Flex 5p',59),('005296-5','Polo Sedan I MOTION  1.6 Total Flex  4p',59),('005297-3','Polo Sed.COMFORT. I MOTION 1.6 T.Flex 4p',59),('005298-1','Saveiro 1.6 Mi Total Flex 8V CE',59),('005299-0','Saveiro TROOPER 1.6 Mi Total Flex 8V',59),('005300-7','Saveiro TROOPER 1.6 Mi Total Flex 8V CE',59),('005301-5','Golf SILVER EDIT. 2.0 Mi T.Flex 8V Tip.',59),('005302-3','Golf SILVER EDIT. 2.0 Mi T.Flex 8v Mec.',59),('005303-1','Fox PRIME 1.6 Mi Total Flex 8V 5p',59),('005304-0','Fox PRIME I MOTION 1.6 Mi T.Flex 8V 5p',59),('005305-8','Fox 1.6 Mi I MOTION Total Flex 8V 5p',59),('005306-6','Fox 1.6 Mi Total Flex 8V 5p',59),('005307-4','Fox 1.0 Mi Total Flex 8V 3p',59),('005308-2','Fox 1.0 Mi Total Flex 8V 5p',59),('005309-0','Gol I MOTION 1.6 Mi Total Flex 8V 4p',59),('005310-4','Gol I MOTION Power 1.6 Mi T. Flex 8V 4p',59),('005311-2','VOYAGE I MOTION 1.6 Mi Total Flex 8V',59),('005312-0','VOYAGE I MOTION TREND 1.6 Mi T. Flex 8V',59),('005313-9','VOYAGE I MOTION COMFORT.1.6 Mi T.Flex 8V',59),('005314-7','Golf  BLACK EDITON 2.0 Mi T. Flex 8V Tip',59),('005315-5','Saveiro CROSS 1.6 Mi Total Flex 8V CE',59),('005316-3','Gol ECOMOTION 1.0 Mi Total Flex 8V 2p',59),('005317-1','Gol ECOMOTION  1.0 Mi Total Flex 8V 4p',59),('005318-0','Gol SELEÇÃO 1.0 Mi Total Flex 8V 4p',59),('005319-8','Golf  Sportline 2.0 Mi Total F. 8V Tip.',59),('005320-1','AMAROK Highline CD 2.0 16V TDI 4x4 Dies.',59),('005321-0','SPACEFOX I MOTION 1.6 T. Flex 8v',59),('005322-8','SPACEFOX SPORTLINE I MOTION 1.6 T.Flex',59),('005323-6','AMAROK Trendline CD 2.0 16V TDI 4x4 Dies',59),('005324-4','Gol 1.6 Mi Rallye I MOTION T. Flex 8V 4p',59),('005325-2','AMAROK SE CD 2.0 16V TDI 4x4 Diesel',59),('005326-0','JETTA 2.0 Total Flex 8V 4p Mec.',59),('005327-9','JETTA 2.0 Total Flex 8V 4p Tiptronic',59),('005328-7','JETTA 2.0 TSI 16V 4p Tiptronic',59),('005329-5','AMAROK CD 2.0 16V TDI 4x2 Diesel',59),('005330-9','AMAROK CD 2.0 16V TDI 4x4 Diesel',59),('005331-7','Gol Rock in Rio 1.0 Mi Total Flex 8V 5p',59),('005332-5','Fox Rock in Rio 1.6 Mi Total Flex 8V 5p',59),('005333-3','Polo Sportline 2.0 Mi Total Flex 8V 5p',59),('005334-1','SpaceCross 1.6 Mi Total Flex 8v',59),('005335-0','SpaceCross I MOTION 1.6 Mi Total Flex 8V',59),('005337-6','AMAROK CS 2.0 16V TDI 4x2 Diesel',59),('005338-4','AMAROK CS 2.0 16V TDI 4x4 Diesel',59),('005339-2','Gol BLACK 1.0 Mi Total Flex 8V 4p',59),('005340-6','AMAROK High.CD 2.0 16V TDI 4x4 Dies. Aut',59),('005341-4','Gol 1.0 Total Flex 8V 5p (25 Anos)',59),('006001-1','145 Elegant 2.0 16V',3),('006002-0','145 Quadrifoglio 2.0',3),('006003-8','155',3),('006004-6','155 Super',3),('006005-4','164 3.0 V6',3),('006006-2','164 Super V6 24V',3),('006007-0','Spider 2.0/3.0',3),('006008-9','145 QV',3),('006009-7','145 Elegant 1.7/1.8 16V',3),('006010-0','156 TS/Sport/Elegant 2.0 16V',3),('006011-9','166 3.0 V6 24V',3),('006013-5','2300 TI/TI-4',3),('006014-3','156 Sport Wagon 2.0 16V',3),('006015-1','156 2.5 V6 24V 190cv 4p Aut.',3),('006016-0','156 SportWagon 2.5 V6 24V 190cv 4p Aut.',3),('006017-8','147 2.0 16V 148cv 4p Semi-Aut.',3),('007001-7','Hi-Topic SLX/SDX/DLX Full Diesel',5),('007002-5','Hi-Topic STD Diesel',5),('007003-3','Towner Coach Full',5),('007004-1','Towner Glass Van',5),('007005-0','Towner Panel Van',5),('007006-8','Towner SDX / DLX/ Std.',5),('007007-6','Towner Truck',5),('007008-4','Towner Pick-Up',5),('007009-2','Towner Furgão',5),('007011-4','Towner Multiuso 5p',5),('007012-2','Towner Luxo',5),('007013-0','Towner Super Luxo',5),('007014-9','Topic Luxo Diesel',5),('007015-7','Topic Super Luxo Diesel',5),('007016-5','Topic Carga 2.7 Diesel (furgão)',5),('007017-3','Hi-Topic Van 2.7 Diesel (furgão)',5),('007018-1','AM-825 Luxo 4.0 Diesel',5),('007019-0','AM-825 Super Luxo 4.0 Diesel',5),('007020-3','Jipe Rocsta GT 4x4 2.2 Diesel',5),('008001-2','80 2.0',6),('008002-0','80 2.6/2.8 Avant',6),('008003-9','80 2.8 Cabriolet',6),('008004-7','80 S2 Avant',6),('008005-5','A3 1.8 3p',6),('008006-3','A3 1.8 Turbo 3p Mec.',6),('008007-1','A4 1.8  Mec.',6),('008008-0','A4 1.8 Tip./ Multitronic Turbo',6),('008009-8','A4 1.8 Avant Mec.',6),('008010-1','A4 1.8 Avant Turbo Mec.',6),('008011-0','A4 2.8',6),('008012-8','A6 2.8',6),('008013-6','A6 2.8 Avant',6),('008014-4','A8 4.2 V8 32V Tiptronic',6),('008015-2','Avant RS2',6),('008016-0','S6 Plus 4.2 Avant V8 32V',6),('008018-7','A4 2.4 30V Mec',6),('008019-5','A4 2.4 30V Tip./Multitronic',6),('008020-9','A4 2.4 30V Avant Mec',6),('008021-7','A4 2.4 30V Avant Tip./Multitronic',6),('008022-5','A4 2.8 30V Mec',6),('008023-3','A4 2.8 30V  Tiptronic/ Aut.',6),('008024-1','A6 2.4 30V Mec',6),('008025-0','A6 2.4 30V Tip./Multitronic',6),('008026-8','A6 2.8 30V Mec',6),('008027-6','A6 2.8 30V Tiptronic',6),('008028-4','S8 4.2 Mec',6),('008029-2','S8 4.2 Tiptronic',6),('008030-6','100 2.8 V6',6),('008031-4','100 S-4 2.2 Avant Turbo',6),('008032-2','A3 1.6 3p',6),('008034-9','TT 1.8 TB 180cv',6),('008035-7','TT 1.8 TB QUATTRO 225cv',6),('008036-5','A4 2.8 Avant V6 12V',6),('008037-3','A4 2.8 Avant V6 30V Mec.',6),('008038-1','S6 2.2 20V TB',6),('008039-0','S6 Plus 4.2 V8 32V',6),('008040-3','A3 1.6 5p',6),('008041-1','A3 1.8 5p Mec.',6),('008042-0','A3 1.8 5p Aut.',6),('008043-8','A3 1.8 3p Aut.',6),('008044-6','A3 1.8 Turbo 5p Mec.',6),('008045-4','A3 1.8 Turbo 5p Aut.',6),('008046-2','A3 1.8 Turbo 3p Aut.',6),('008047-0','A4 1.8  Aut.',6),('008048-9','A4 1.8 Avant Aut.',6),('008049-7','A4 1.8 Avant Turbo Tip./ Multitronic',6),('008051-9','A6 2.4 Avant 30V Mec.',6),('008052-7','A6 2.4 Avant 30V Tip./ Multitronic',6),('008053-5','A6 2.8 Avant 30V Mec',6),('008054-3','A6 2.8 Avant 30V Tiptronic',6),('008055-1','A4 2.8 Avant V6 30V Tiptronic',6),('008056-0','A3 1.6 3p Aut',6),('008057-8','A3 1.6 5p Aut',6),('008058-6','A6 2.7 30V Mec.',6),('008059-4','A6 2.7 30V Avant Tiptronic',6),('008060-8','A6 4.2 Quattro Tiptronic',6),('008061-6','A6 4.2 Avant Quattro Tiptronic',6),('008062-4','A8 4.2 Quatto Tiptronic',6),('008063-2','S4 2.7 Turbo Quatro Mec.',6),('008064-0','S8 4.2 Quattro Mec.',6),('008065-9','S8 4.2 Quattro Tiptronic',6),('008066-7','S3 1.8 225cv Turbo Quattro',6),('008067-5','A6 2.7 Quattro Tiptronic',6),('008068-3','A6 2.7 Avant Quattro Tiptronic',6),('008069-1','S4 2.7 Avant Turbo Quattro',6),('008070-5','A4 1.8 Turbo',6),('008071-3','A3 1.8 Turbo 180cv 5p Aut./ Tip.',6),('008072-1','A3 1.8 Turbo 180cv 5p Mec.',6),('008073-0','A3 1.8 Turbo 180cv 3p Aut./ Tip.',6),('008074-8','A3 1.8 Turbo 180cv 3p Mec.',6),('008075-6','TT Roadster 1.8 TB QUATTRO 225cv (Conv.)',6),('008076-4','100 2.8 V6 Avant',6),('008077-2','80 2.0 Avant',6),('008078-0','S6 2.2 Avant 20V TB',6),('008079-9','Allroad 2.7 30V Quatro Turbo Tiptronic',6),('008080-2','80 2.6/ 2.8',6),('008081-0','A4 2.4 Avant V6 30V Quattro Mec',6),('008082-9','A4 2.4 Avant V6 30V Quattro Tiptronic',6),('008083-7','A4 2.4 V6 30V Quattro Mec',6),('008084-5','A4 2.4 V6 30V Quattro Tiptronic',6),('008085-3','A4 2.8 V6 30V  Quattro Tiptronic',6),('008086-1','A4 2.8 V6 30V Quattro Mec',6),('008087-0','A4 2.8 Avant V6 30V Quattro Mec.',6),('008088-8','A4 2.8 Avant V6 30V Quattro Tiptronic',6),('008089-6','A6 2.4 V6 30V Quattro Mec',6),('008090-0','A6 2.4 V6 30V Quattro Tiptronic',6),('008091-8','A6 2.4 Avant V6 30V Quattro Mec.',6),('008092-6','A6 2.4 Avant V6 30V Quattro Tiptronic',6),('008093-4','A6 2.8 V6 30V Quattro Mec',6),('008094-2','A6 2.8 V6 30V Quattro Tiptronic',6),('008095-0','A6 2.8 Avant V6 30V Quattro Mec',6),('008096-9','A6 2.8 Avant V6 30V Quattro Tiptronic',6),('008097-7','S6 4.2 Avant V8 40V Quattro Tiptronic',6),('008098-5','S6 4.2 V8 40V Quattro Tiptronic',6),('008099-3','S6 4.2 V8 40V Quattro Mec',6),('008100-0','RS4 2.7 Avant V6 30V BI-TB Quattro 380cv',6),('008101-9','A4 2.0 20V 130cv Multitronic 4p',6),('008102-7','A4 3.0 30V 218cv Multitronic 4p',6),('008103-5','A6 3.0 V6 30V 218cv Multitronic 4p',6),('008105-1','A6 3.0 Avant V6 30V 218cv Multitronic 5p',6),('008107-8','A4 3.0 Avant 30V 218cv Multitronic 5p',6),('008108-6','A4 3.0 Cabriolet 30V 218cv Multitronic',6),('008109-4','A4 3.0 30V 218cv Quattro Tiptron./Aut 4p',6),('008110-8','A4 3.0 Avant 30V 218cv Quattro Tiptronic',6),('008111-6','RS6 4.2 Avant  BI-TB Quattro Tiptron. 5p',6),('008112-4','RS6 4.2 450cv BI-TB Quattro Tiptronic 4p',6),('008113-2','S4 4.2 V8 40V 344cv Quattro Tiptronic',6),('008114-0','S4 4.2 Avant V8 40V 344cv Quattro Tipt.',6),('008115-9','A8 6.0 W12 48V 450cv Quattro Tiptronic',6),('008116-7','A3 1.6 8V 102cv 3p',6),('008117-5','A3 Sportback 1.6 8V 102cv 5p',6),('008118-3','A3 Sportback 2.0 16V Turbo FSI Mec.',6),('008119-1','A3 Sportback 2.0 16V Turbo FSI S-Tronic',6),('008120-5','A4 2.0 16V TB FSI 200/ 214cv Multitronic',6),('008121-3','A4 2.0 Avant TB FSI 200/214cv Multitron.',6),('008122-1','Q7 4.2 V8 40V 350cv Quattro Tiptronic',6),('008123-0','A4 3.2 FSI 24V 255cv Multitronic',6),('008124-8','A4 3.2 FSI Avant 24V 255cv Multitronic',6),('008125-6','A4 3.2 FSI Cabriolet 24V 255cv Multitron',6),('008126-4','TT 2.0 16v Turbo FSI S-Tronic',6),('008127-2','TT Roadster 2.0 16v Turbo FSI S-Tronic',6),('008128-0','A6 3.2 FSI 24V 255cv Multitronic',6),('008129-9','Q7 3.6 V6 284cv Quattro Tiptronic',6),('008130-2','A4 3.2 FSI 24V 269cv Quattro Tiptronic',6),('008131-0','A5 3.2 FSI 24V 269cv Multitronic',6),('008132-9','A4 2.0 16V TB FSI 183/180cv Multitronic',6),('008133-7','A4 2.0 Avant TB FSI 183/180cv Multitroni',6),('008134-5','Q5 2.0 16V TB FSI Quattro S Tronic',6),('008135-3','A4 3.2 FSI Avant 24V Quattro S Tronic',6),('008136-1','A6 3.0 TB FSI V6 Quattro Tiptronic',6),('008137-0','Q5 3.2 FSI V6 Quattro S Tronic',6),('008138-8','A3 Sport 2.0 16V Turbo FSI S Tronic',6),('008139-6','A5 3.2 FSI V6 24V 269cv Quattro Tiptroni',6),('008140-0','S3 Sportback 2.0 TB FSI Quattro S Tronic',6),('008141-8','TTS 2.0 TB FSI QUATTRO S Tronic',6),('008142-6','TTS Roadster 2.0 TB FSI QUATTRO S Tronic',6),('008143-4','S6 5.2 FSI V10 435cv QUATTRO Tiptronic',6),('008144-2','S6 5.2 Avant FSI V10 435cv QUATTRO Tiptr',6),('008145-0','A5 Sportback 2.0 16V TB FSI Multitronic',6),('008146-9','R8 5.2 V10 525cv QUATTRO R-tronic',6),('008147-7','R8 4.2 V8 426cv QUATTRO R-tronic',6),('008148-5','RS6 5.0 FSI V10 Bi-TB Quattro Tip.',6),('008149-3','RS6 5.0 Avant.FSI V10 Bi-TB Quattro Tip.',6),('008150-7','A6 3.0 Avant. TB FSI V6 Quattro Tip. 5p',6),('008151-5','RS5 4.2 FSI 8V 450cv Quattro Tip. 2p',6),('008152-3','Q7 3.0 V6 TB FSI 334cv Quattro Tip. 4p',6),('008153-1','A1 1.4 TFSI 122cv S-Tronic 3p',6),('008154-0','A7 Sportback 3.0 TFSI Quattro S Tronic',6),('008155-8','R8 Spyder 5.2 V10 QUATTRO R-tronic',6),('008156-6','A8 6.3 W12 48V 500cv Quattro Tiptronic',6),('008157-4','RS3 Sportback 2.5 TFSI Quattro S-tronic',6),('009001-8','318i/iA 1.8 16V',7),('009002-6','318iS/ISA 1.9 16V',7),('009003-4','318Ti Compact Mec',7),('009004-2','325i',7),('009005-0','325i/iA Cabrio',7),('009006-9','328i/iA   ( modelos antigo )',7),('009007-7','525 TDS',7),('009008-5','528i/iA',7),('009009-3','530i/iA',7),('009010-7','540i',7),('009011-5','740i',7),('009012-3','750i',7),('009013-1','850i 5.0 24V',7),('009014-0','M3 Coupê 3.0 24V 255cv',7),('009015-8','M5 3.8/Touring 3.8 24V',7),('009016-6','Z3 Roadster 1.9 Mec',7),('009017-4','540i/iA Touring',7),('009018-2','Z3 Roadster M 3.2',7),('009019-0','Z3 2.8 Mec',7),('009020-4','Z3 2.8 Aut',7),('009021-2','Z3 Roadster 2.8',7),('009022-0','328i/iA Cabrio',7),('009023-9','528IA High',7),('009024-7','528IA Touring',7),('009025-5','540iA',7),('009026-3','540iA Protection',7),('009027-1','740iA',7),('009028-0','750iA',7),('009029-8','M3 Coupê 3.0 V6 24V 282cv',7),('009030-1','323i Touring',7),('009031-0','323Ti Compact',7),('009032-8','323Ti Compact Sport',7),('009033-6','323TiA Compact Top',7),('009034-4','328i Touring/Sport',7),('009036-0','325iA',7),('009037-9','535i/iA 3.5 24V',7),('009038-7','320i',7),('009039-5','320d',7),('009040-9','323i Confort',7),('009041-7','323iA Confort',7),('009042-5','323i/iA Exclusive',7),('009043-3','323iA Sport',7),('009044-1','323iA Touring',7),('009047-6','520i 2.0 16V',7),('009048-4','730i 3.0 32V',7),('009049-2','730iA 3.0 32V',7),('009050-6','840Ci',7),('009051-4','840CiA',7),('009052-2','540iTA',7),('009053-0','740iLA Protection',7),('009054-9','323iA Entry Sedan',7),('009056-5','323iA Top Sedan',7),('009057-3','323Ci Coupê',7),('009058-1','323CiA Coupê',7),('009059-0','316 (todas)',7),('009060-3','318Ti/TiA Compact 1.9 16V',7),('009061-1','318i/iA Compact 1.8 16V',7),('009062-0','318i Cabrio 1.8 16V',7),('009063-8','323i 2.5 24V',7),('009064-6','323iA 2.5 24V',7),('009065-4','328iA Touring/Sport',7),('009066-2','328i Exclusive 2.8 24V',7),('009067-0','328iA Exclusive 2.8 24V',7),('009068-9','525i/iA Touring',7),('009069-7','530i/iA Touring',7),('009070-0','735i/iA 3.5 32V',7),('009071-9','750iL Highline 5.4 24V',7),('009072-7','740iL/iLA Highline 4.4 32V',7),('009073-5','M3 3.2 24V',7),('009074-3','M3 Cabrio 3.0 24V',7),('009075-1','M5 5.0 32V/ 40V',7),('009076-0','850CSi 5.6 24V',7),('009077-8','850Ci/CiA 5.0 24V',7),('009078-6','850Ci/CiA 5.4 24V',7),('009079-4','M Roadster',7),('009081-6','X5 3.0 4x4',7),('009082-4','X5 4.4 4x4',7),('009083-2','323i Sport',7),('009084-0','540iA MotorSport',7),('009085-9','Z3 3.0 24V Roadster 2p',7),('009086-7','328i/iA (novo modelos)',7),('009087-5','330CiA Cabriolet',7),('009088-3','330iA MotorSport 4p',7),('009089-1','330iA Top 4p',7),('009090-5','Z8 5.0 V8',7),('009091-3','325iA Coupé 2.5 24V 2p',7),('009092-1','330i MotorSport 3.0 24V 4p',7),('009093-0','330Ci Cabriolet',7),('009094-8','325iA 2.5 24V Protection',7),('009095-6','X5 Sport 4.4 4x4 V8 32V',7),('009096-4','745iA 4.4 V8 32V 333cv',7),('009097-2','Z4 Roadster 3.0 V6 24V Aut.',7),('009098-0','Z4 Roadster Sport 3.0 24V 231cv Aut.',7),('009099-9','760iL 6.0 V12 445cv/544cv',7),('009100-6','X3 Sport 3.0 24V 231cv',7),('009101-4','X3 Family 3.0 24V 231cv',7),('009102-2','545iA 4.4 32V V8 333cv',7),('009103-0','645iA 4.4 V8 32V 333cv',7),('009104-9','X3 Family 2.5 24V 192cv/ 218cv',7),('009105-7','120iA 2.0 16V 150cv/ 156cv 5p',7),('009106-5','120i 2.0 16V 150cv/ 156cv 5p',7),('009107-3','X5 4.8 4x4 V8 32V 360cv',7),('009108-1','M6 5.0 V10 40V 507cv',7),('009109-0','130i 3.0 24V 265cv 5p',7),('009110-3','550iA 4.8 32V',7),('009111-1','645Ci Cabriolet 4.4 V8 32V 333cv',7),('009112-0','325iA Touring',7),('009113-8','330iA Exclusive 3.0 24V 4p',7),('009114-6','650iA 4.8 V8 32V 360cv',7),('009115-4','650Ci Cabriolet 4.8 V8 32V 360cv',7),('009116-2','Z4 Roadster 2.0 150cv 2p',7),('009117-0','130iA 3.0 24V 265cv 5p',7),('009118-9','X3 Sport 2.5 24V 192cv/ 218cv',7),('009119-7','X5 Security 4.4 4x4 V8 32V',7),('009120-0','Z4 Roadster M 3.2 V6 24V 343cv',7),('009121-9','Z4 Coupé M 3.2 V6 24V 343cv',7),('009122-7','335iA 3.0 24V 306cv',7),('009123-5','X5 Sport 4.8 4x4 V8 32V 355cv',7),('009124-3','335iA Cabriolet 3.0 24V 306cv',7),('009125-1','550iA Security 4.8 32V',7),('009126-0','130iA 3.0 24V 265cv 3p',7),('009127-8','M3 Coupê 4.0 32V',7),('009128-6','X5 Endurance 4.8is 4x4 V8 32V 355cv Aut.',7),('009129-4','120iA 2.0 16V 156cv 3p',7),('009130-8','120iA Cabrio 2.0 16V 156cv 2p',7),('009131-6','X6 XDRIVE 35i 3.0 306cv Bi-Turbo',7),('009132-4','X6 XDRIVE 50i 4.4 407cv Bi-Turbo',7),('009133-2','M3 Sedan 4.0 32V',7),('009134-0','M3 Cabrio 4.0 32V',7),('009135-9','135iA Coupé 3.0 24V 306cv',7),('009136-7','118iA 2.0 16V 136cv 5p',7),('009137-5','550iA Limited Sport Edition 4.8 32V',7),('009138-3','Z4 Roadster sDRIVE 23i 2.5 24V 204cv 2p',7),('009139-1','Z4 Roadster sDRIVE 35i 3.0 24V 306cv 2p',7),('009140-5','X5 Security 4.8is 4x4 V8 32V 355cv Aut.',7),('009141-3','650iA Limited Sport  Edition 4.8 32V',7),('009142-1','X1 XDRIVE 28i 3.0 24V 4x4 Aut.',7),('009143-0','X5 M 4.4 4x4 V8 32V 555cv Bi-Turbo Aut.',7),('009144-8','X6 M 4.4 4x4 V8 32V 555cv Bi-Turbo Aut.',7),('009145-6','X1 SDRIVE 18i 2.0 16V 4x2 Aut.',7),('009146-4','535iA 3.0 24cv 306cv Bi-Turbo',7),('009147-2','550iA 4.4 32V 407cv Bi-Turbo',7),('009148-0','535iA GT 3.0 306cv Bi-Turbo',7),('009149-9','X5 XDRIVE 35i 3.0 306cv Bi-Turbo',7),('009150-2','X5 XDRIVE 50i 4.4 407cv Bi-Turbo',7),('009151-0','X3 XDRIVE 35i 3.0 306cv Bi-Turbo',7),('009152-9','118iA 2.0 16V 136cv 3p',7),('009153-7','X5 XDRIVE 50i Security 4.4 Bi-Turbo',7),('009154-5','750iLA 4.4 ActiveHybrid 7',7),('009155-3','318iA 2.0 16V 136cv 5p',7),('009156-1','X3 XDRIVE 28i 3.0 258cv',7),('009157-0','M1 Coupê 3.0 24V 340cv',7),('009158-8','650Ci Cabriolet 4.4 407cv Bi-Turbo',7),('009159-6','118iA 1.6 16V 170cv 5p',7),('010001-3','Caravan SE 2.4/3.3',12),('010002-1','Neon LE/Highline 2.0',12),('010003-0','Stratus LE 2.0',12),('010004-8','Stratus LX 2.0 Mec',12),('010005-6','Stratus LX 2.5 Aut',12),('010006-4','Stratus LX 2.5 Conversível Aut',12),('010007-2','Grand Caravan LE 3.3 Aut',12),('010008-0','Caravan LE  3.3',12),('010009-9','Caravan LX 3.8',12),('010010-2','Grand Caravan LX 3.8',12),('010011-0','Neon LE 1.8',12),('010012-9','Neon Sport 1.8/2.0',12),('010013-7','Vision 3.5 24V',12),('010014-5','300 M 3.5',12),('010015-3','Cirrus LXi 2.5 V6 24V',12),('010016-1','Gran Caravan SE 3.3 V6',12),('010017-0','LE Baron 3.0 V6',12),('010018-8','LE Baron 3.0 V6 Conv.',12),('010019-6','PT Cruiser Limited 2.0 16V 4p',12),('010020-0','Sebring LX 2.7 V6 24V 204cv',12),('010021-8','Grand Caravan Limited 3.3 V6 12V 182cv',12),('010022-6','PT Cruiser Limited 2.4 16V 143cv 4p',12),('010023-4','Caravan LX 3.3 V6 182cv',12),('010024-2','300 C 5.7 V8 16V 340cv Aut.',12),('010025-0','PT Cruiser Classic 2.4 16V 143cv 4p',12),('010026-9','300 C Touring 5.7 V8 16V 340cv Aut.',12),('010027-7','300 C SRT8 6.1 V8 16V 431cv Aut',12),('010028-5','PT Cruiser Cabrio 2.4 16V 143cv 2p',12),('010029-3','300 C 3.5 V6 249cv',12),('010030-7','TOWN & COUNTRY 3.8 V6 Aut./3.6 V6 Aut.',12),('010031-5','PT Cruiser Touring DEC. EDITION 2.4 16V',12),('010032-3','TOWN & COUNTRY Touring 3.6 V6 Aut.',12),('010033-1','300 C 3.6 V6 286cv Aut.',12),('011001-9','AX GTi',13),('011002-7','BX 1.6S 16V',13),('011003-5','Evasion VSX Turbo',13),('011004-3','Xantia SX 2.0 8V/16V Mec/ Aut',13),('011005-1','Xantia VSX 2.0',13),('011006-0','XM Exclusive Break',13),('011007-8','XM Exclusive 12v',13),('011008-6','ZX Cupê 16V',13),('011009-4','ZX Furio',13),('011010-8','ZX Volcane 3p e 5p',13),('011014-0','Xantia Activa 3.0 V6 Mec',13),('011015-9','Xantia Break 2.0 8V/GLX 2.0 16V Aut',13),('011016-7','Xantia SX 1.8',13),('011017-5','Xsara VTS 2.0  16V Cupê Mec',13),('011018-3','Xsara Exclusive 1.8 8V/16V 5p Mec',13),('011019-1','Xsara Exclusive 1.8 8V/16V 5p Aut',13),('011020-5','Xsara Break GLX 1.8 16V',13),('011021-3','Xsara Break Exclusive 1.8 16V',13),('011022-1','Xsara GLX 1.8 16V Cupê Mec',13),('011023-0','Xsara GLX 1.8 8V Cupê Aut',13),('011024-8','Xsara GLX 1.8 16V 5p Mec',13),('011025-6','Xsara GLX 1.8 8V 5p Aut',13),('011026-4','Berlingo MultSpace GLX 1.8i 3p',13),('011027-2','Evasion  GLX 2.0 16V',13),('011028-0','Jumper 2.5 Diesel',13),('011029-9','Xantia GLX 2.0 16V Mec.',13),('011031-0','ZX Paris 1.8',13),('011032-9','ZX Dakar 2.0 16V',13),('011033-7','Berlingo MultSpace GLX 1.8i 4p',13),('011034-5','Xantia Exclusive 3.0 V6',13),('011035-3','Xsara Break GLX/ Paris 2.0 16V',13),('011036-1','Xsara Break Exclusive 2.0 16V',13),('011037-0','Xsara Exclusive 2.0 16V',13),('011038-8','Xsara VTS 1.8 16V',13),('011039-6','BX GTi 1.9',13),('011040-0','XM Exclusive 24V',13),('011041-8','XM Sensation 2.0 TB',13),('011042-6','Xantia Exclusive 2.0 16V',13),('011043-4','Xantia 2.0  16V',13),('011044-2','Xantia Activa 2.0',13),('011045-0','Xantia Activa 2.0 TB',13),('011046-9','Xsara GLX/ Paris 2.0 16V',13),('011047-7','Xantia GLX 2.0 16V Aut.',13),('011048-5','Xantia VSX 2.0 16V',13),('011049-3','Xantia Break GLX 2.0 16V Mec.',13),('011050-7','Jumper 2.8 16Lug.  Diesel',13),('011051-5','Jumper 2.8 Furgão 35MH Diesel',13),('011052-3','Jumper 2.8 Furgão 35C Diesel',13),('011053-1','Xsara GLX 1.6 16V 3p',13),('011054-0','Xsara GLX 1.6 16V 5p Mec.',13),('011055-8','Xsara GLX 1.6 16V 5p Aut.',13),('011056-6','Xsara Exclusive 1.6 16V 5p Mec.',13),('011057-4','Xsara Exclusive 1.6 16V 5p Aut.',13),('011058-2','Xsara VTS 1.6 16V 3p',13),('011059-0','Xsara Break GLX 1.6 16V 5p Mec.',13),('011060-4','Xsara Break Exclusive 1.6 16V 5p Mec.',13),('011061-2','Xsara Break Exclusive 1.6 16V 5p Aut.',13),('011062-0','Xsara Break GLX 1.6 16V 5p Aut.',13),('011063-9','Xsara Picasso Exc./Etoile 2.0 16v  Mec',13),('011064-7','Xsara Picasso GLX /Brasil/Etoile 2.0 Mec',13),('011065-5','C5 Exclusive 2.0 16V 138cv 4p Mec.',13),('011066-3','C5 Exclusive 2.0 16V 4p Aut.',13),('011067-1','C5 3.0 24V 210cv 4p Aut.',13),('011068-0','C5 Exclusive Break 2.0 16V 138cv 5p Mec.',13),('011069-8','C5 Exclusive Break 2.0 16V Aut.',13),('011070-1','C3 GLX 1.6/ 1.6 Flex 16V 5p',13),('011071-0','C3 Exclus./Excl.Solaris 1.6 Flex 16V Mec',13),('011072-8','C3 GLX 1.4/ GLX Sonora 1.4 Flex 8V 5p',13),('011073-6','C8 Exclusive 2.0 16V 138cv 5p Aut.',13),('011074-4','Xsara Picasso Exclusive 2.0 16V  Aut',13),('011075-2','Xsara Picasso GLX 2.0 16V  Aut',13),('011076-0','C3 Ocimar Versolato 1.6 16V 110cv 5p',13),('011077-9','Xsara Picasso GLX 1.6/ 1.6 Flex 16V',13),('011078-7','Berlingo MultSpace GLX 1.6 16V 110cv 4p',13),('011079-5','Xsara Picasso Exclus. 1.6/ 1.6 Flex 16V',13),('011080-9','C3 XTR 1.6 Flex 16V 5p',13),('011081-7','C4 VTR 2.0 16V 143cv',13),('011082-5','C3 XTR 1.4 Flex 8V 5p',13),('011083-3','C3 Exclusive 1.4 Flex 8V 5p',13),('011084-1','C6 Exclusive 3.0 V6 24V 215cv Aut.',13),('011085-0','C4 PALLAS GLX 2.0/2.0 Flex 16V Mec.',13),('011086-8','C4 PALLAS GLX 2.0/ 2.0 Flex Aut.',13),('011087-6','C4 PALLAS Exclusive 2.0/2.0 Flex 16V Mec',13),('011088-4','C4 PAL.Excl/Excl(Tech.) 2.0/2.0 Flex Aut',13),('011089-2','C4 Picasso Grand 2.0 16V 143cv Aut',13),('011090-6','C3 GLX 1.6 Flex 16V 5p  Aut.',13),('011091-4','C3 Excl./Excl.Solar./Sonora 1.6 Flex Aut',13),('011092-2','C4 Picasso 2.0 16V 143cv Aut.',13),('011093-0','C4 GLX 1.6 Flex 16V 5p mec.',13),('011094-9','C4 GLX 2.0 Flex 16V 5p Aut.',13),('011095-7','C4 Exclusive 2.0 Flex 16V 5p Aut.',13),('011096-5','C4 GLX 2.0 Flex 16V 5p Mec.',13),('011097-3','C4 Exclusive 2.0 Flex 16V 5p Mec.',13),('011098-1','C5 Tourer Exclusive 2.0 16V 5p Aut.',13),('011099-0','Jumper 2.3 16Lug. TB Diesel',13),('011100-7','Jumper 2.3 Furgão TB Diesel',13),('011101-5','AIRCROSS GL 1.6 Flex 16V 5p Mec.',13),('011102-3','AIRCROSS GLX 1.6 Flex 16V 5p Mec.',13),('011103-1','AIRCROSS Exclusive 1.6 Flex 16V 5p Mec.',13),('011104-0','Jumper 2.3 Vetrato TB Diesel',13),('011105-8','C3 Picasso GL 1.6 Flex 16V 5p Mec.',13),('011106-6','C3 Picasso GLX 1.6 Flex 16V 5p Mec.',13),('011107-4','C3 Picasso Exclusive 1.6 Flex 16V 5p Mec',13),('011108-2','AIRCROSS GLX 1.6 Flex 16V 5p Aut.',13),('011109-0','AIRCROSS Exclusive 1.6 Flex 16V 5p Aut.',13),('011110-4','C3 Picasso GLX 1.6 Flex 16V 5p Aut.',13),('011111-2','C3 Picasso Exclusive 1.6 Flex 16V 5p Aut.',13),('011112-0','Jumper 2.3 Vetrato Exec. 16Lug. TB Dies.',13),('012001-4','Charade Sd 1.5/DLX 1.3',16),('012002-2','Charade TS/TSi 1.3/LSi 1.5 16V',16),('012003-0','Cuore CS/CSL',16),('012004-9','Cuore TS/TSL',16),('012005-7','Feroza SX 1.6i 16V',16),('012006-5','Charade Sedan 1.3i 16V',16),('012007-3','Gran Move 1.5/1.6 16V',16),('012008-1','Terios 1.3 16V',16),('012009-0','Feroza DX 1.6 16V',16),('012010-3','Charade TX 1.3 16V',16),('012011-1','Applause DLX 1.6 16V',16),('012012-0','Applause 1.6 16V',16),('012013-8','Cuore 0/TS0 85i',16),('012014-6','Move Van',16),('012015-4','Charade CX/TS 1.0',16),('013001-0','Ram Sport 5.9 V8',17),('013002-8','Ram Laramie/SLT 5.2 V8',17),('013003-6','Ram Laramie 5.9 V8',17),('013004-4','Dakota 2.5',17),('013005-2','Dakota Sport 3.9 V6',17),('013006-0','Dakota Sport 2.5 Diesel',17),('013007-9','Dakota Sport CE 3.9 V6',17),('013008-7','Dakota Sport CE 2.5 Diesel',17),('013009-5','Stealth 3.0 MPI',17),('013010-9','Avenger ES 2.0/2.5 16V',17),('013011-7','Dakota Sport 5.2 V8',17),('013013-3','Dakota Club 2.5',17),('013014-1','Dakota Sport 2.5 4x4',17),('013015-0','Dakota Durango 5.9 4x4 V8',17),('013016-8','Dakota Durango SLT 5.2 4x4 V8',17),('013017-6','Dakota Intrepid 3.3 V6',17),('013018-4','Dakota RT 5.2 Aut',17),('013019-2','Dakota RT 5.2 CE Aut',17),('013020-6','Dakota Sport 3.9 V6 CD Mec.',17),('013021-4','Dakota Sport 3.9 V6 CD Aut.',17),('013022-2','Dakota Sport 2.5 CD Diesel',17),('013023-0','Dakota Sport 5.2 V8 CD Aut.',17),('013024-9','Ram 2500 5.9 24V CD 4x4 Diesel',17),('013025-7','Ram 2500 H.DUTY 5.9 SLT TDI CS 4x4 Dies.',17),('013026-5','Ram 2500 TROPIVAN 5.9 SLT TDI 4x4 Dies.',17),('013027-3','JOURNEY SXT 2.7 V6 185cv Aut.',17),('013028-1','Ram 2500 TROPIVAN 5.9 SLT Exec.TDI Dies.',17),('013029-0','JOURNEY RT 2.7 V6 185cv Aut.',17),('013030-3','JOURNEY SE 2.7 V6 185cv Aut.',17),('013031-1','JOURNEY RT  3.6 V6 Aut.',17),('013032-0','JOURNEY SXT 3.6 V6 Aut.',17),('013033-8','Ram 2500 LARAMIE SLT 6.7 TDI CD 4x4 Dies',17),('014001-5','Accord Coupe EX',25),('014002-3','Accord Sedã LX  2.2/ 2.4 16V 158cv',25),('014003-1','Civic Sedã EX/ EXS Aut. 4p/ Del-Sol 2p',25),('014004-0','Civic CRX/ Targa VTi',25),('014005-8','Civic Hatch DX',25),('014006-6','Civic Hatch LX Aut',25),('014007-4','Civic Hatch VTi',25),('014008-2','Civic Hatch LSi',25),('014009-0','Civic Sedã EX/ EXS 1.6 Mec. 4p',25),('014010-4','Civic Sedã LX 1.5/ 1.6',25),('014011-2','Civic Hatch Si',25),('014012-0','Odyssey EX Van Aut (6 lug.)',25),('014013-9','Prelude Si',25),('014014-7','Accord Sedã EX 2.4/ 2.3/ 2.2 16V 158cv',25),('014015-5','Accord Sedã EXR',25),('014016-3','Civic Sedan LXB 1.6 16V 4p',25),('014017-1','Civic Sedan LX 1.6 16V Mec. 4p',25),('014019-8','Civic Coupe EX/ EXS 1.6 16V 2p',25),('014020-1','Accord SW EX',25),('014021-0','Accord SW LX',25),('014022-8','Odyssey Van LX Aut (6 lug.)',25),('014023-6','Accord Sedã EX 2.7/ 3.0 24V',25),('014024-4','Passport EX',25),('014025-2','Passport LX',25),('014026-0','Passport PIck-Up 4x2',25),('014027-9','Prelude Coupê S 2.2',25),('014028-7','Civic Sedan LX 1.6 16V Aut. 4p',25),('014029-5','Civic Sedan EX 1.6 16V Mec. 4p (nacion.)',25),('014030-9','Civic Sedan EX 1.6 16V Aut. 4p (nacion.)',25),('014031-7','CR-V 2.0 16V Mec.',25),('014032-5','CR-V 2.0 16V Aut.',25),('014033-3','Civic Sedan EX 1.7 16V 130cv Aut. 4p',25),('014034-1','Civic Sedan EX 1.7 16v 130cv Mec. 4p',25),('014035-0','Civic Sedan LX/ LXL 1.7 16V 115cv Aut 4p',25),('014036-8','Civic Sedan LX 1.7 16V 115cv Mec. 4p',25),('014037-6','Civic Sedan LXB 1.7 16V 115cv',25),('014038-4','CR-V 2.4 16V 156cv Aut. 4p',25),('014039-2','Fit LX 1.4/ 1.4 Flex 8V/16V 5p Mec.',25),('014040-6','Fit LX 1.4/ 1.4 Flex 8V/16V 5p Aut.',25),('014041-4','Fit LXL 1.4/ 1.4 Flex 8V/16V 5p Mec.',25),('014042-2','Fit LXL 1.4/ 1.4 Flex 8V/16V 5p Aut.',25),('014043-0','Civic Sedan LXL 1.7 16V 130cv Mec 4p',25),('014044-9','Civic Sedan LXL 1.7 16V 130cv Aut 4p',25),('014045-7','Fit EX/ S 1.5/ EX 1.5 Flex 16V 5p Aut.',25),('014046-5','Fit EX/ S 1.5/ EX 1.5 Flex 16V 5p Mec.',25),('014047-3','Accord Sedã LX 2.0 16V 150cv/ 156cv Aut.',25),('014048-1','Civic Sedan LXS 1.8/1.8 Flex 16V Mec. 4p',25),('014049-0','Civic Sedan LXS 1.8/1.8 Flex 16V Aut. 4p',25),('014050-3','Civic Sedan EXS 1.8/1.8 Flex 16V Aut. 4p',25),('014051-1','Civic Sed LX 1.8 Aut 4p(s/Acess.Esp.D.F)',25),('014052-0','Civic Sedan Si 2.0 16V  192cv 4p',25),('014053-8','CR-V EXL 2.0 16V 4WD Aut.',25),('014054-6','CR-V LX 2.0 16V 2WD Aut.',25),('014055-4','Accord Sedã EX 3.5 V6 24V',25),('014056-2','Fit EXL 1.5 Flex 16V 5p Aut',25),('014057-0','Fit EXL 1.5 Flex 16V 5p Mec',25),('014058-9','CITY Sedan LX 1.5 Flex 16V 4p Mec.',25),('014059-7','CITY Sedan LX 1.5 Flex 16V 4p Aut.',25),('014060-0','CITY Sedan EX 1.5 Flex 16V 4p Mec.',25),('014061-9','CITY Sedan EX 1.5 Flex 16V 4p Aut.',25),('014062-7','CITY Sedan EXL 1.5 Flex 16V 4p Mec.',25),('014063-5','CITY Sedan EXL 1.5 Flex  16V 4p Aut.',25),('014064-3','Civic Sed. LXL/ LXL SE 1.8 Flex 16V Mec',25),('014065-1','Civic Sed. LXL/ LXL SE 1.8 Flex 16V Aut.',25),('014066-0','Accord Sedã EX 2.0 16V 156cv Aut.',25),('014067-8','CITY Sedan DX 1.5 Flex 16V Aut.',25),('014068-6','CITY Sedan DX 1.5 Flex 16V Mec.',25),('014069-4','Fit DX 1.4 Flex 16V 5p Mec.',25),('014070-8','Fit DX 1.4 Flex 16V 5p Aut.',25),('014071-6','CR-V LX 2.0 16V 2WD Mec.',25),('015001-0','Accent GLS 1.5 12/16V Mec.',26),('015002-9','Accent GS 3p Mec',26),('015003-7','Accent L/ LR 1.5 2/4p',26),('015004-5','Accent LS 4p',26),('015005-3','Elantra GL',26),('015006-1','Elantra GLS 1.8 16V',26),('015007-0','Excel GLS',26),('015008-8','Excel LS/ GL',26),('015009-6','Scoupe',26),('015010-0','Sonata GL 2.0 4p',26),('015011-8','Sonata GLS 2.0 4p',26),('015012-6','Sonata GLS 3.0 4p Aut',26),('015013-4','H100 GS Diesel (12 lugares)',26),('015014-2','H100 SPR Diesel (15 lugares)',26),('015015-0','Cupê 2.0',26),('015016-9','Elantra Wagon 1.8 16V',26),('015018-5','H100 DLX Furgão Diesel',26),('015019-3','H100 DLX/ Panel Diesel',26),('015021-5','Galloper 2.5 Super Luxo Turbo Diesel',26),('015022-3','Galloper 2.5 Luxo Turbo Diesel',26),('015023-1','Galloper 3.0 V6 Luxo',26),('015024-0','Galloper 3.0 V6 Super Luxo Mec',26),('015025-8','Galloper 3.0 V6 Super Luxo Aut',26),('015026-6','Excel GS',26),('015027-4','Excel L',26),('015029-0','H100 GS (12 lugares)',26),('015030-4','Elantra GLS 1.6',26),('015031-2','H100 Porter Truck Diesel',26),('015032-0','Accent GLS 1.5 12/16V Aut.',26),('015033-9','Atos Prime GLS 1.0 Mec.',26),('015034-7','Atos Prime GLS 1.0 Semi-Aut.',26),('015035-5','Atos Prime GLS 1.0 Aut.',26),('015036-3','Coupê FX 2.0 Mec.',26),('015037-1','Coupê FX 2.0 Aut.',26),('015038-0','H100 GL Diesel',26),('015039-8','H100 Top Diesel',26),('015040-1','H100 GLS Diesel',26),('015041-0','H100 GL Furgão Extra-Longo Diesel',26),('015042-8','H1 Starex HSV 2.5 Diesel',26),('015043-6','H1 Starex SVX 2.6 85cv Diesel',26),('015044-4','Porter GL 4x2 Curto/Longo Diesel',26),('015045-2','Sonata GLS 2.5 Aut.',26),('015046-0','Porter GLS CD 4x2 2.6 8V Diesel',26),('015047-9','Trajet GLS 2.7 V6 24v 179cv Aut.',26),('015048-7','Atos Prime GL 1.0 Mec',26),('015049-5','Elantra GLS 2.0 16V Mec',26),('015050-9','Elantra GLS 2.0 16V Aut',26),('015051-7','Santa Fe GLS 2.7 V6 4x4TipTronic',26),('015052-5','Sonata GLS 2.7 V6 24V 179cv 4p Aut.',26),('015053-3','Coupe FX 2.7 V6 24V 180cv Mec.',26),('015054-1','Coupe FX 2.7 V6 24V 180cv Aut.',26),('015055-0','Terracan 2.5 8V 100cv TB Diesel Mec.',26),('015056-8','Terracan 2.5 8V 100cv TB Diesel Aut.',26),('015057-6','Matrix GLS 1.8 16V 123cv Mec.',26),('015058-4','Matrix GLS 1.8 16V 123cv Aut.',26),('015059-2','Terracan 2.9 CRDI 8V 163cv Diesel Aut.',26),('015060-6','H1 Starex HSV 2.4 16V 137cv  Aut.',26),('015061-4','Tucson 2.0 CRDi 16V 112cv Diesel Aut.',26),('015062-2','Tucson 2.7 MPFI 24V 175cv Aut.',26),('015063-0','Tucson 2.0 16V Mec.',26),('015064-9','Tucson 2.0 16V Aut.',26),('015065-7','HR 2.5 TCI Diesel (RS/RD)',26),('015066-5','Sonata GLS 3.3 V6 24V 235cv 4p Aut.',26),('015067-3','H1 Starex SVX 2.5 TDI 100cv Diesel',26),('015068-1','VERACRUZ GLS 3.8 4WD Aut.',26),('015069-0','AZERA GLS 3.3 V6 24V 4p Aut.',26),('015070-3','H1 Starex SVX 2.4 16V',26),('015071-1','i30 2.0 16V 145cv 5p Aut.',26),('015072-0','i30 2.0 16V 145cv 5p Mec.',26),('015073-8','Santa Fe GLS 3.5 V6 4x4 Tiptronic',26),('015074-6','ix35 2.0 16V 170cv 2WD/4WD Aut.',26),('015075-4','ix35 2.0 16V 170cv 2WD Mec.',26),('015076-2','i30cw 2.0 16V 145cv Mec. 5p',26),('015077-0','i30cw 2.0 16V 145cv Aut. 5p',26),('015078-9','Sonata 2.4 16V 182cv 4p Aut.',26),('015079-7','Veloster 1.6 16V  140cv Aut.',26),('015080-0','ELANTRA GLS 1.8 16V Mec.',26),('015081-9','ELANTRA GLS 1.8 16V Aut.',26),('015082-7','Santa Fe GLS 2.4 Tiptronic',26),('015083-5','AZERA 3.0 V6 24V 4p Aut.',26),('015084-3','GENESIS 3.8 V6 24V 290cv 4p Aut.',26),('015085-1','ix35 2.0 16V 2WD Flex Mec.',26),('015086-0','ix35 2.0 16V 2WD Flex Aut.',26),('016001-6','XJ-6',28),('016002-4','XJ-12',28),('016003-2','XJ-8 Daimler',28),('016004-0','XJ-8 Executive/ Centenary 4.0',28),('016005-9','XJ-8 Sovereign LWB 4.0',28),('016006-7','Daimler LWB 4.0',28),('016007-5','XK-8 BR Coupê/ XK-8 Coupê',28),('016008-3','XK-8 BR Conversível / XK-8 Conversível',28),('016009-1','S-Type 3.0/ 3.0 SE V6',28),('016010-5','XJ-12 Conv.',28),('016011-3','XJS 4.0 24V',28),('016012-1','XJS-C 6.0 V12',28),('016013-0','X-Type SE 2.5 V6 194cv',28),('016014-8','X-Type SE 3.0 V6 231cv',28),('016015-6','S-Type 4.2/ 4.2 SE/ 4.0 V8 32V',28),('016016-4','XJ-8 Executive/ SE 4.2 V8 32V 300cv 4p',28),('016017-2','XJR 4.2 V8 32V 400cv 4p',28),('016018-0','XJ Super 4.2 V8 32V 400cv 4p',28),('016019-9','S-Type R 4.2 V8 32V 400cv',28),('016020-2','X-Type ESTATE 3.0 24V 230cv',28),('016021-0','XKR Coupê  4.2 / 5.0 32V',28),('016022-9','XKR Conversível 4.2 / 5.0 32V',28),('016023-7','XF 3.0 V6 24V 240cv Aut.',28),('016024-5','XF 4.2 V8 32V 300cv Aut.',28),('016025-3','XF SV8 4.2 V8 32V 420cv Aut.',28),('016026-1','XFR Supercharger 5.0 V8 510cv Aut',28),('016027-0','XF 5.0 32V V8 385cv Aut.',28),('016028-8','XJ Supercharger 5.0 V8 32V 510 Aut.',28),('017001-1','Grand Cherokee Laredo 4.0 Aut.',29),('017002-0','Grand Cherokee Limited 5.2 Aut.',29),('017003-8','Wrangler 4.0/Sport 4.0',29),('017004-6','Cherokee Sport  4.0 Mec./Aut.',29),('017005-4','Grand Cherokee Limited LX 5.9',29),('017006-2','Grand Cherokee Limited 4.7',29),('017008-9','Grand Cherokee Nova Limited 4.7',29),('017009-7','Cherokee Country 4.0 V6 4x4',29),('017010-0','Cherokee Rubicon 4.0 V6 4x4',29),('017011-9','Grand Cherokee Limit.4.7 Quad.Drive Aut.',29),('017012-7','Cherokee Sport 2.5 4x4 Diesel',29),('017013-5','Grand Cherokee Laredo 3.1 TB Diesel Aut',29),('017014-3','Grand Cherokee Laredo 2.7 I-5 TB Dies.',29),('017015-1','Cherokee Sport 3.7 4x4 V6 12V Aut.',29),('017016-0','Grand Cherokee Limited 5.7 326cv',29),('017017-8','Commander Limited 5.7 326cv 5p',29),('017018-6','Grand Cherokee SRT8 6.1 V8 16V 432cv Aut',29),('017019-4','Grand Cherokee Overland 5.7 326cv',29),('017020-8','Wrangler Sport 3.8 V6 199cv',29),('017021-6','Grand Cherokee Limited 3.0 TB Dies. Aut',29),('017022-4','Cherokee Limited 3.7 4x4 V6 12V Aut.',29),('017023-2','Wrangler Unlimited Sport 3.8 V6 199cv',29),('017024-0','Grand Cherokee Limited 3.6 4x4 V6 Aut.',29),('017025-9','Grand Cherokee Laredo 3.6 4x4 V6 Aut.',29),('017026-7','Wrangler Unlimited SAHARA 3.8 V6 199cv 2p',29),('017027-5','Wrangler Unlimited SAHARA 3.8 V6 199cv 4p',29),('017028-3','COMPASS SPORT 2.0 16V 156cv 5p',29),('017029-1','Wrangler Sport 3.6 V6 284cv 2p',29),('017030-5','Wrangler Sport 3.6 V6 284cv 4p',29),('018001-7','Besta ST 2.2 Diesel (12lug.)',31),('018002-5','Besta EST 2.7 Diesel (12lug.)',31),('018003-3','Besta EST Full 2.7 Diesel (12lug.)',31),('018004-1','Besta Furgão 2.2 Diesel',31),('018007-6','Sephia GTX 1.5 16V',31),('018008-4','Sephia GTX 1.6',31),('018009-2','Sportage DLX 2.2 Diesel Mec',31),('018010-6','Clarus GLX 2.0 16V Mec',31),('018011-4','Sephia SLX',31),('018012-2','Sportage 2.0 16V Aut',31),('018013-0','Besta Furgão 2.7 Diesel',31),('018014-9','Besta GS 2.7 8V 12L Diesel',31),('018015-7','Besta GS Full 2.7 Diesel',31),('018016-5','Carnival 2.5 V6',31),('018017-3','Clarus Wagon GLX 2.0 16V Mec.',31),('018018-1','Sephia LS 1.5 16V Mec.',31),('018019-0','Sephia LS 1.5 16V Aut.',31),('018020-3','Sportage Grand 2.0 16V Mec.',31),('018021-1','Sportage Targa 2.0 16V',31),('018022-0','Ceres Pick-Up 2.2 Diesel',31),('018023-8','Shuma LS 1.5 16V Mec.',31),('018024-6','Sportage DLX 2.0 16V Mec.',31),('018025-4','Sportage Grand 2.0 8V TB-IC Diesel',31),('018026-2','Sportage GTE 2.2 4x4 Diesel',31),('018027-0','Bongo K-2400 2.4 Diesel',31),('018028-9','Bongo K-2700 2.7 4x2/4x4 Diesel',31),('018029-7','Bongo K-3500/K-3600/110 3.6 Diesel',31),('018030-0','Clarus GLX 2.0 16V Aut.',31),('018031-9','Clarus Wagon GLX 2.0 16V Aut.',31),('018032-7','Shuma LS 1.5 16V Aut.',31),('018033-5','Sportage DLX 2.0 16V Aut.',31),('018034-3','Sportage Grand 2.0 16V Aut.',31),('018035-1','Besta GS Grand 3.0 8V 16L Diesel',31),('018037-8','Sportage 2.0 8V TB-IC Diesel',31),('018039-4','Magentis EX 2.0 16V Aut.',31),('018042-4','Besta Furgão Grand 3.0 Diesel',31),('018043-2','Carnival GS 2.9 TDI 16V 125cv Diesel',31),('018044-0','Carens LS 1.8 16V 130cv Mec.',31),('018045-9','Carens LS 1.8 16V 130cv Aut.',31),('018046-7','Sorento EX 3.5 V6 24V 197cv 4x4 Aut.',31),('018047-5','Sorento EX 2.5 140/170cv 4x4 Aut.Diesel',31),('018048-3','Bongo K-2700 2.7 4x4 CD Diesel',31),('018049-1','Sportage LX 2.0 16V 142cv 5p',31),('018050-5','Sorento LX 2.5 16V 140cv 4x4 Aut. Diesel',31),('018051-3','Sorento LX 2.5 16V 140cv 4x4 Mec. Diesel',31),('018052-1','Opirus GL 3.5 V6 24V 202cv Aut.',31),('018053-0','Sportage EX 2.7 V6 4x4 Aut.',31),('018054-8','Cerato 1.6 16V Mec.',31),('018055-6','Cerato 2.0 16V Aut.',31),('018056-4','Sorento EX 2.5 16V 4x4 Mec. Diesel',31),('018057-2','Carnival EX 3.8 V6 24V 242cv Aut.',31),('018058-0','Bongo K-2700 2.7 4x4 Basculante Diesel',31),('018059-9','Picanto EX 1.1/ 1.0/ 1.0 Flex Mec',31),('018060-2','Picanto EX 1.1/ 1.0/ 1.0 Flex Aut',31),('018061-0','Sorento EX 3.8 V6 24V 267cv 4x4 Aut.',31),('018062-9','Magentis LX 2.0 16V Aut',31),('018063-7','Opirus GL 3.8 V6 24V 267cv Aut.',31),('018064-5','Cerato 1.6 16V Aut.',31),('018065-3','Bongo K-2500 2.5 4x2 TB Diesel',31),('018066-1','Sportage EX 2.0 16V 142cv',31),('018067-0','Carens EX 2.0 16V  Aut',31),('018068-8','MOHAVE EX 3.8 V6 24V 275cv 4x4 Aut.',31),('018069-6','MOHAVE EX 3.0 V6 24V 250cv TB Dies. Aut.',31),('018070-0','SOUL 1.6/ 1.6 16V FLEX Aut.',31),('018071-8','SOUL 1.6/ 1.6 16V FLEX Mec.',31),('018072-6','MOHAVE EX 4.6 V8 32V 340cv 4x4 Aut.',31),('018073-4','Sorento 2.4 16V 174cv 4x2 Aut.',31),('018074-2','Sorento 2.4 16V 174cv 4x4 Aut.',31),('018075-0','Sorento 3.5 V6 24V 278cv 4x2 Aut.',31),('018076-9','Sorento 3.5 V6 24V 278cv 4x4 Aut.',31),('018077-7','Sportage LX 2.0 16V/ 2.0 16V Flex  Aut.',31),('018078-5','Sportage LX 2.0 16V/ 2.0 16V Flex Mec.',31),('018079-3','Sportage EX 2.0 16V/ 2.0 16V Flex Aut.',31),('018080-7','CADENZA EX 3.5 V6 24V 290cv Aut.',31),('018081-5','Carnival EX 3.5 V6 24V 276cv Aut.',31),('018082-3','Cerato KOUP 2.0 16V Aut.',31),('018083-1','OPTIMA 2.4 16V 180cv Aut.',31),('019001-2','Laika 1.6',32),('019002-0','Laika SW 5p',32),('019003-9','Niva 1.6 RC/ Pantanal 4x4',32),('019004-7','Samara 1.3/ 1.5',32),('019005-5','Laika 1.5',32),('019006-3','Niva 1.7i 4x4',32),('019007-1','Niva 1.6/ CD 4x4',32),('020001-8','626 GLX',38),('020002-6','626 GT',38),('020003-4','929 V6 Aut',38),('020004-2','MPV Minivan Aut',38),('020005-0','MX-3 1.6 16V',38),('020006-9','MX-5 Mec',38),('020007-7','B2200 Pick-Up 2.2 Diesel',38),('020008-5','B2200 Pick-Up CD 2.2 Diesel',38),('020009-3','Protegé Mec.',38),('020010-7','B-2500 Pick-Up 2.5 Diesel',38),('020011-5','B-2500 Pick-Up CD 4x4 2.5 Diesel',38),('020012-3','RX 7 2.6 Turbo',38),('020013-1','626 Sedan Mec.',38),('020014-0','626 Sedan High',38),('020015-8','626 Sedan Top',38),('020016-6','626 SW',38),('020017-4','626 SW High',38),('020018-2','323 1.6 16V',38),('020019-0','Millenia 3.0 V6 24V',38),('020020-4','MX-3 GS 1.8 V6 24V',38),('020021-2','Navajo LX 3.0 V6',38),('020022-0','626 Sedan Aut.',38),('020023-9','Protegé Aut.',38),('020024-7','Protegé High',38),('020025-5','B-2500 Pick-Up 4x4 2.5 Diesel',38),('021001-3','C-180 Classic/Classic Plus/Elegance',39),('021002-1','C-220 Classic/Elegance/Sport',39),('021003-0','C-230 Kompressor Avantgarde',39),('021004-8','C-280 Elegance',39),('021005-6','C-280 Classic/Sport',39),('021006-4','C-36 AMG',39),('021007-2','E-190',39),('021008-0','E-230 Elegance',39),('021009-9','E-320',39),('021010-2','E-420 Classic/Elegance/Avantgarde',39),('021013-7','S-320 L Classic/Wagon Classic 3.2',39),('021014-5','S-500 5.0',39),('021015-3','S-600/ S-600 C Classic 6.0',39),('021016-1','SE-500',39),('021017-0','SL-320 3.2/Classic 3.2',39),('021018-8','SL-500 5.0 e 5.5/ Classic 5.0',39),('021019-6','SL-600',39),('021021-8','SLK-230 Kompressor',39),('021022-6','C-230 Touring Kompressor',39),('021023-4','C-43 AMG',39),('021024-2','CLK-230 Kompressor',39),('021025-0','CLK-320 Elegance',39),('021026-9','CLK-320 Sport',39),('021027-7','CLK-430 Elegance',39),('021028-5','CLK-430 Sport 4.3',39),('021029-3','E-240 Elegance',39),('021030-7','E-320 3.2 Elegance',39),('021031-5','E-320 Avantgarde',39),('021033-1','E-320 Touring Eleg./Classic',39),('021034-0','E-430 Elegance',39),('021035-8','E-430 Avantgarde',39),('021036-6','E-430 Touring Avantgarde',39),('021037-4','E-55 AMG',39),('021038-2','ML-230 4x4',39),('021039-0','ML-320 4x4',39),('021040-4','C-240 Elegance 2.4',39),('021041-2','C-280 Touring',39),('021042-0','Sprinter 312 Furgão Curto Diesel',39),('021043-9','Sprinter 312 Van Luxo 10lug.  Diesel',39),('021044-7','Sprinter 312 Van Luxo 15lug. Diesel',39),('021045-5','300-SE 3.0',39),('021046-3','CL-500 5.0/ 5.5',39),('021047-1','500-SEC/ SL',39),('021048-0','Classe A 160 Classic/ Spirit Mec.',39),('021049-8','Classe A 160 Elegance Mec.',39),('021050-1','C-240 Classic',39),('021051-0','Classe A 160 Classic Semi-Aut.',39),('021052-8','CLK-320 Elegance Cabriolet',39),('021053-6','CLK-320 AvantGarde',39),('021054-4','CLK-320 Sport Cabriolet',39),('021056-0','ML-430',39),('021057-9','S-500L 5.0',39),('021058-7','SLK-230 Plus',39),('021059-5','E-420 Touring Avantgarde',39),('021060-9','180-D Pick-Up/Furgão 2.4 Diesel',39),('021061-7','180-D Van 2.4 Diesel',39),('021062-5','190-E 2.3',39),('021063-3','230-E 2.3',39),('021064-1','E-220 Classic/Touring 2.2',39),('021065-0','E-280 Classic 2.8',39),('021066-8','E-280 Touring 2.8',39),('021067-6','260-E 2.6',39),('021068-4','300-D 3.0 Diesel',39),('021069-2','300-E 3.0',39),('021070-6','300-SL 3.0',39),('021071-4','300-TE Wagon 3.0',39),('021072-2','500-E 5.0',39),('021074-9','500-SEL 5.0/ 5.6',39),('021075-7','560-SEL 5.6',39),('021076-5','C-200 Classic/Sport',39),('021077-3','C-230 Sport/ Eleg./Touring Eleg.Plus 2.3',39),('021078-1','CL-600 6.0/ 5.5',39),('021079-0','E-200 Classic 2.0',39),('021080-3','S-420 Classic 4.0',39),('021081-1','S-500 C Classic 5.0',39),('021082-0','Classic 6.0',39),('021083-8','S-600 L/ L Classic/ Wagon Classic 6.0',39),('021084-6','SL-280 Classic 2.8',39),('021085-4','Sprinter 310 Van Luxo/Exec. 12/14L Dies.',39),('021087-0','Sprinter 310 Van Std 12e14L/Luxo 9L.Dies',39),('021088-9','Sprinter 310 Van Std. 9Lug. 2.5 Diesel',39),('021089-7','Sprinter 312 Van Exec. 10Lug. 2.5 Diesel',39),('021090-0','Sprinter 312 Van Street Luxo 15Lug.Dies.',39),('021091-9','Sprinter 312 Van Street Std. 15Lug.Dies.',39),('021092-7','S-500 L/ L Classic/ Wagon Classic 5.0',39),('021093-5','E-320 Cabriolet',39),('021094-3','E-320 C 3.2/ CA Classic 3.2',39),('021095-1','Sprinter 310 Chassi Diesel',39),('021096-0','Sprinter 310 Pick-Up Diesel',39),('021097-8','Sprinter 310 Van Exec. 9Lug. Diesel',39),('021098-6','Classe A 160 Elegance Semi-Aut.',39),('021099-4','CLK-230 Cabriolet Kompressor',39),('021100-1','Sprinter 312 Van Std 12lug. Diesel',39),('021101-0','Sprinter 312 Van Std 16lug. Diesel',39),('021102-8','Sprinter 312 Van Luxo 12lug. Diesel',39),('021103-6','Sprinter 312 Van Luxo 16lug. Diesel',39),('021104-4','Sprinter 312 Van Exec. 12Lug. Diesel',39),('021105-2','Sprinter 312 Van Std Lotação 16lug. Dies',39),('021106-0','Sprinter 312 Van Luxo Lotação 16lug.Dies',39),('021107-9','E-190 Classic',39),('021108-7','Sprinter 412-D Chassi Diesel',39),('021111-7','Sprinter 312-D Chassi Diesel',39),('021112-5','Classe A 190 Classic/ Spirit 1.9 Mec.',39),('021113-3','Classe A 190 Classic 1.9 Semi-Aut.',39),('021114-1','Classe A 190 Elegance 1.9 Mec.',39),('021115-0','Classe A 190 Elegance 1.9 Semi-Aut.',39),('021116-8','CLK-320 AvantGarde Cabriolet',39),('021117-6','Sprinter 310 Furgão 2.5 Diesel',39),('021118-4','CLK-430 AvantGarde 4.3',39),('021119-2','C-240 AvantGarde 2.4/ 2.6 4p',39),('021120-6','C-240 Elegance 2.4 V6 24v 4p Aut.',39),('021121-4','C-320 AvantGarde 3.2 V6 24v 4p Aut.',39),('021122-2','C-320 Elegance 3.2 V6 24v 4p Aut.',39),('021123-0','C-200 Kompressor 2.0 V6 16v 4p Aut.',39),('021124-9','Sprinter 312 Furgão Longo Diesel',39),('021125-7','SLK-320 3.2 218cv',39),('021126-5','CLK-430 Avantgard Cabriolet 4.3 V8 24v',39),('021127-3','CLK-430 Elegance Cabriolet 4.3 V8 24v',39),('021128-1','ML-55 AMG 5.5 24v',39),('021129-0','Classe A 190 Elegance 1.9 Aut.',39),('021130-3','Sprinter 312 Furgão Longo T.Alto Diesel',39),('021131-1','C-320 Touring 3.2 V6 18v 4p Aut.',39),('021132-0','C-230 Komp. Sportcoupé 2.3 16V 197cv Aut',39),('021133-8','Sprinter 311 Furgão Curto 2.2 109cv Dies',39),('021134-6','Sprinter 311 Furgão Longo 2.2 109cv Dies',39),('021135-4','Sprinter 311 Furgão Longo Teto alto Dies',39),('021136-2','Sprinter 311 VAN Std. 2.2 109cv 16L Dies',39),('021137-0','Sprinter 311 VAN Std. 2.2 109cv 13L Dies',39),('021138-9','Sprinter 311 VAN Luxo 2.2 109cv 13L Dies',39),('021139-7','Sprinter 313 VAN Exec 2.2 Mec/S-Aut Dies',39),('021140-0','Sprinter 313 VAN Luxo 2.2 129cv 16L Dies',39),('021141-9','Classe A 190 AvantGarde 1.9 8V 125cv Mec',39),('021142-7','C-200 Touring Komp. 2.0 16V 163cv 5p Aut',39),('021143-5','C-200 Sportcoupé Komp. 2.0 16V 163cv Aut',39),('021144-3','E-500 Elegance/ Avant. 5.0 V8 24V 4p Aut',39),('021145-1','CLK-500 Elegance/ Avant. 5.0 V8 24V Aut',39),('021146-0','Sprinter 311 Chassi 2.2 109cv Diesel',39),('021147-8','Sprinter 313 Furgão Longo T. Alto Diesel',39),('021148-6','Sprinter 311 VAN Luxo 2.2 109cv 16L Dies',39),('021149-4','Sprinter 311 Street Luxo 2.2 16Lug. Dies',39),('021150-8','Sprinter 311 Street Std. 2.2 16Lug. Dies',39),('021151-6','C-180 Kompressor Classic 1.8 16V 143cv',39),('021152-4','Sprinter 413-D Chassi Curto/Longo Diesel',39),('021153-2','CLK-55 AMG V8 24V 367cv',39),('021154-0','SL-55 AMG V8 24V 500cv',39),('021155-9','ML-500 V8 24V',39),('021156-7','CLK-55 AMG Cabriolet V8 24v 367cv',39),('021157-5','Sprinter 413 Furgão Longo T.Alto Diesel',39),('021158-3','E-500 Tour. Avant./ Eleg. 24V V8 5p Aut.',39),('021159-1','E-55 Touring AMG 24V V8 5p Aut.',39),('021160-5','E-320 Touring Avantgarde 24V V6 5p Aut.',39),('021161-3','Classe A 190 AvantGarde 1.9 8V 125cv Aut',39),('021162-1','SLK-200 Kompressor 16V/ 200 CGI 16V',39),('021163-0','CLK-500 Cabriolet V8 24V 306cv',39),('021164-8','Sprinter 313 Furgão Curto 2.2 129cv Dies',39),('021165-6','Sprinter 313 Furgão Longo 2.2 129cv Dies',39),('021166-4','Sprinter 313 Chassi 2.2 129cv Diesel',39),('021167-2','Sprinter 313 VAN Std. 2.2 129cv 13L.Dies',39),('021168-0','Sprinter 313 VAN Luxo 2.2 129cv 13L.Dies',39),('021169-9','Sprinter 313 VAN Street Luxo 16L. Dies.',39),('021170-2','Sprinter 313 VAN Street Std. 16L. Dies.',39),('021172-9','ML-350 3.5 234cv 4x4',39),('021173-7','S-55 AMG V8 24V 364cv/ 500cv',39),('021174-5','Sprinter 313 VAN Std. 2.2 129cv 16L Dies',39),('021175-3','CLS-500 V8 24V',39),('021176-1','SLK-55 AMG V8 24V 360cv',39),('021177-0','SLK-350 3.5 V6/SLK-350 CGI',39),('021178-8','E-350 Avantgarde/ Elegance 3.5 V6 272cv',39),('021179-6','C-350 Avantgarde/ Elegance 3.5 V6 272cv',39),('021180-0','CLS-55 Kompressor AMG 5.5 V8 24V 476cv',39),('021181-8','C-230 Avantgarde 2.5 V6 24V 204cv Aut',39),('021182-6','Classe A 200 Elegance 2.0 136cv Aut.',39),('021183-4','C-55 AMG 24V 367cv Aut.',39),('021184-2','C-55 Touring AMG 24V 367cv Aut.',39),('021185-0','C-350 Sportcoupé 3.5 24V  272cv',39),('021186-9','C-350 Touring AvantGarde 3.5 24V 272cv',39),('021187-7','E-350  Touring Avant/Eleg. 3.5 24V 272cv',39),('021188-5','CLK-350 Avant./ Elegance 3.5 24V 272cv',39),('021189-3','CLS-350 V6 24V 272cv',39),('021190-7','CLK-350 Avant./Eleg. Cabriolet 3.5 272cv',39),('021191-5','SL-350 3.5 V6 24V 272cv',39),('021192-3','C-230 Touring Avant. 2.5 24V 204cv Aut.',39),('021193-1','C-200 Kompressor Avant.1.8 16V Aut',39),('021194-0','Classe B 200 2.0 136cv Aut.',39),('021195-8','Classe R 500 5.0 V8 306cv Aut.',39),('021196-6','CLS-63 AMG 6.2 V8 32V 514cv',39),('021197-4','Classe B 200 2.0 Turbo 193cv Aut.',39),('021198-2','E-63 AMG 6.2 V8 32V',39),('021199-0','GL-500 5.5 V8 32V 4x4 388cv Aut.',39),('021200-8','S-65 AMG 6.0 V12 612cv Aut',39),('021201-6','ML-63 AMG 6.2 V8 32V 510cv',39),('021202-4','C-200 Kompressor Classic 1.8 16V Aut.',39),('021203-2','C-280 Avantgarde 3.0 V6 231cv Aut.',39),('021204-0','S-63 AMG 6.3 V8 525cv Aut',39),('021205-9','S-63 AMG L 6.3 V8 525cv Aut',39),('021206-7','CL-63 AMG 6.2 V8 32V 525cv',39),('021207-5','Sprinter 413 VAN Luxo 2.2 16 e 20L Dies',39),('021208-3','E-350 Sport 3.5 V6 272cv',39),('021209-1','C-63 AMG 6.2 V8 Aut.',39),('021210-5','C-200 Touring Komp. Avant. 1.8 16V Aut.',39),('021211-3','E-500 Sport Avantgarde 5.0 V8 24V 4p Aut',39),('021212-1','ML-320 3.0 V6 224cv 4x4 diesel',39),('021213-0','SL-63 AMG 6.3 V8 525cv Aut',39),('021214-8','SL-65 AMG 6.0 V12 612cv Aut',39),('021215-6','C-350 Sport 3.5 V6 272cv',39),('021216-4','E-500 Avant. (Blindada) 5.0 V8 4p Aut.',39),('021217-2','GLK 280 3.0 V6 24V 4x4 231cv Aut.',39),('021218-0','Classe B 170 1.7 116cv Aut.',39),('021219-9','CLC 200 Kompressor 1.8 184cv Aut.',39),('021220-2','Classe B 180 1.7 116cv Aut.',39),('021221-0','E-350 Avant./Avant. Execut. 3.5 V6 272cv',39),('021222-9','C-300 Avantgarde 3.0 V6 24V 231cv Aut.',39),('021223-7','E-350 Coupe 3.5 V6 272cv 2p',39),('021224-5','C-63 Touring AMG 6.2 V8 Aut.',39),('021225-3','CL-65 AMG 6.0 V12 612cv Aut.',39),('021226-1','Classe R 500 L 5.5 V8 388cv Aut.',39),('021227-0','ML-350 3.0 V6 224cv 4x4 Diesel',39),('021228-8','GLK 300 3.0 V6 24V 4x4 231cv Aut.',39),('021229-6','G-55 Kompressor AMG 5.5 V8 507cv Aut.',39),('021230-0','C-180 Kompressor Classic 1.6 16V Aut.',39),('021231-8','S-400 Hybrid 3.5 V6 279cv Aut.',39),('021232-6','SL-350 Sport 3.5 V6 316cv',39),('021233-4','C-200 CGI Avantgarde 1.8 16V 184cv Aut.',39),('021234-2','C-200 CGI Sport 1.8 16V 184cv Aut.',39),('021235-0','E-350 Cabrio 3.5 V6 272cv 2p',39),('021236-9','C-300 Sport 3.0 V6 231cv Aut.',39),('021237-7','C-200 CGI Touring Avantgarde 1.8 16V Aut',39),('021238-5','E-500 Coupe Sport 5.5 V8 388cv 2p',39),('021239-3','C-180 CGI Classic 1.8 16V 156cv Aut.',39),('021240-7','E-500 Avangarde Executive 5.5 V8 388cv',39),('021241-5','E-63 Touring AMG 6.2 V8 Aut.',39),('021242-3','C-250 CGI Sport 1.8 16V Aut.',39),('021243-1','E-250 CGI Avantgarde 1.8 16V 204cv Aut.',39),('021244-0','E-250 CGI Coupe 1.8 16V 204cv Aut.',39),('021245-8','CLS-63 AMG 5.5 V8 557cv Aut.',39),('021246-6','C-180 CGI Coupe 1.8 16V 156cv Aut.',39),('021247-4','SLS-63 AMG 6.2 V8 Aut.',39),('021248-2','Sprinter 311 Furgão E.Longo T.Alto Dies.',39),('021249-0','C-350 CGI Sport 3.5 306cv Aut.',39),('021250-4','CLS-350 CGI 3.5 306cv Aut.',39),('021251-2','C-63 Coupe AMG 6.2 V8 Aut.',39),('021252-0','S-63 AMG 5.5 V8 BI-TURBO Aut.',39),('021253-9','SLS-63 AMG Roadster 6.2 V8 Aut.',39),('021254-7','SLK-250 CGI 1.8 16V 204cv Aut,',39),('022001-9','3000 GT VR-4',41),('022002-7','Colt GLXi',41),('022003-5','Colt GTi Mec',41),('022004-3','Eclipse GS/ GS Turbo Mec',41),('022005-1','Expo SP Van 2.3 16V',41),('022006-0','Galant ES',41),('022008-6','L200 2.5 4x2 Turbo Diesel',41),('022009-4','L200 2.5 4x4 CD Turbo Diesel',41),('022010-8','L300 Top/Luxo 2.5 Diesel',41),('022011-6','Lancer GLX',41),('022012-4','Lancer GTi Mec',41),('022014-0','Pajero GLS 2.8 Diesel Turbo Mec.',41),('022015-9','Pajero GLX 3.0 V6 4p Mec',41),('022016-7','Pajero GLX 2.8 Diesel 4p Mec',41),('022017-5','Space Wagon/ Glxi 2.4',41),('022018-3','Pajero Sport 3.0 4x2 V6 Mec./Aut.',41),('022019-1','Pajero Sport 3.0 4x4 V6 Mec./Aut.',41),('022020-5','Pajero GLS 3.5 V6 4p Aut.',41),('022021-3','Pajero GLS 3.5 V6 2p Mec.',41),('022022-1','Pajero GLS 3.5 V6 2p Aut',41),('022023-0','Pajero iO Mec',41),('022024-8','Pajero iO Aut',41),('022025-6','Galant 2.0',41),('022026-4','Galant 2.5 V6',41),('022027-2','L300 Base/DX/Canter 2.5 Diesel',41),('022028-0','L200 GL 2.5 4X4 CD Diesel',41),('022029-9','L200 GLS 2.5 4X4 CD Diesel',41),('022030-2','Diamant  LS 3.0 V6',41),('022031-0','Eclipse GSX 2.0 V6 16V Turbo',41),('022032-9','Eclipse GST 2.0 16V Turbo',41),('022033-7','Mirage LS',41),('022034-5','Mirage ES',41),('022035-3','Mirage GS 16V/ GLSi1.6',41),('022036-1','Lancer Evol. 2.0 Turbo',41),('022037-0','Lancer LS 1.8',41),('022038-8','Pajero GLS 3.0 V6 2p Mec.',41),('022039-6','Pajero GLS 3.5 V6 Top 2p Aut',41),('022040-0','Pajero GLS 3.5 V6 Top 4p Aut',41),('022041-8','3000 GT SL 3.0',41),('022042-6','Expo LRV Sport 2.3 16V',41),('022043-4','L200 Sport 2.5 4x4 CD Turbo Diesel',41),('022046-9','Montero 2.8 Diesel',41),('022047-7','Pajero GLS 3.0 V6 4p Mec.',41),('022048-5','Pajero Evolution 4x4 3.5 V6',41),('022049-3','Pajero GLZ 2.8 4x4 Turbo Diesel',41),('022050-7','Pajero GLZ 3.0 4x4 V6',41),('022051-5','Space Wagon GLXi 2.4 ( Nova Série )',41),('022052-3','Space Wagon GLS 2.0',41),('022053-1','Space Wagon GLS 2.4',41),('022054-0','Pajero GLS 2.8 Diesel Turbo Aut.',41),('022055-8','Pajero GLS 3.0 V6 4p Aut.',41),('022056-6','Galant GS 2.0 V6',41),('022057-4','Pajero Sport 2.8 4x4 Diesel Mec.',41),('022058-2','Pajero Sport 2.8 4x4 Diesel Aut.',41),('022059-0','Eclipse GT 3.0 V6 24V',41),('022060-4','L200 L 2.5 4X4 CD Turbo Diesel',41),('022061-2','Pajero GLS 3.0 V6 2p Aut.',41),('022062-0','Pajero GLS 3.5 V6 4p Mec.',41),('022063-9','Lancer Evol. VI 2.0 Turbo 4p',41),('022064-7','Pajero Sport SE/ HPE 3.0 4x4 177cv Aut.',41),('022065-5','Pajero iO SE 1.8 16V Aut.',41),('022066-3','Pajero Sport SE/ HPE 2.8 4x4 Diesel Aut.',41),('022067-1','Pajero iO SE 1.8 16V Mec.',41),('022069-8','L200 Evolution 3.2 4x4 TB Int. Diesel',41),('022070-1','L200 2.5 4x2 CD Turbo Diesel',41),('022071-0','L200 HPE 2.5 8v 95/118cv TB-IC Diesel',41),('022072-8','Lancer Evolut. VII/ VIII/ IX 2.0 280cv T',41),('022073-6','Pajero Sport SE 3.0 4x2 V6 177cv Aut.',41),('022074-4','Pajero TR4 2.0/ 2.0 Flex 16V 4x4 Mec.',41),('022075-2','Pajero TR4 2.0/ 2.0 Flex 16V 4x4 Aut.',41),('022076-0','L200 RI/ RII/ RIII CD 2.5 TB Int. Diesel',41),('022077-9','Airtrek 2.4 16V 163cv/ 136cv 4x4 5p Aut.',41),('022078-7','L200 Sport HPE 2.5 4x4 CD DTI Dies. Aut.',41),('022079-5','L200 Sport HPE 2.5 4x4 CD DTI Dies. Mec.',41),('022080-9','L200 GLS Sport 2.5 4x4 121cv CD DTI Dies',41),('022081-7','L200 Savana 2.5 4x4 121cv CD DTI  Dies.',41),('022082-5','Pajero GLS HPE/HPE Full 3.8 233cv 3p Aut',41),('022083-3','Pajero GLS HPE/HPE Full 3.8 233cv 5p Aut',41),('022084-1','L200 Sport RS 2.5 CD DTI (passeio) Dies.',41),('022085-0','GRANDIS 2.4 16V 163cv 5p Aut.',41),('022086-8','Pajero TR4 2.0 Blind. 16V 131cv 4x4 Mec.',41),('022087-6','Pajero TR4 2.0 Blind. 16V 131cv 4x4 Aut.',41),('022088-4','Pajero HPE Full 3.2 4x4 T.I.Dies.3p Aut.',41),('022089-2','Pajero Sport HPE 3.5 4x4 200cv Aut.',41),('022090-6','Pajero Sport HPE 2.5 4x4 Diesel Aut.',41),('022091-4','Pajero Sport HPE 2.5 4x4 Diesel Mec.',41),('022092-2','L200 OUTDOOR GLS 2.5 4X4 CD TDI Diesel',41),('022093-0','L200 OUTDOOR HPE 2.5 4x4 CD T.Diesel Mec',41),('022094-9','L200 OUTDOOR HPE 2.5 4x4 CD T.Diesel Aut',41),('022095-7','Lancer Evolut. IX MR 2.0 290cv TB-IC',41),('022096-5','Eclipse GT 3.8 V6 267cv',41),('022097-3','Airtrek 2.0 16V TB-IC 202cv 4x4 5p',41),('022098-1','Pajero GLS Full 3.8 V6 250cv 5p Aut.',41),('022099-0','Pajero HPE Full 3.8 V6 250cv 3p Aut.',41),('022100-7','Pajero HPE Full 3.8 V6 250cv 5p Aut.',41),('022101-5','OUTLANDER 3.0/ GT 3.0 V6 Aut.',41),('022102-3','L200 Triton HPE 3.5 CD V6 24V Flex Aut.',41),('022103-1','L200 Triton HPE 3.2 CD TB Int.Diesel Aut',41),('022104-0','L200 Triton HPE 3.2 CD TB Int.Diesel Mec',41),('022105-8','Pajero TR4 GLS 2.0 Flex 16V 4x4 Mec.',41),('022106-6','Pajero GLS/GLS c/PK HPE 3.2 T.I.Dies. 5p',41),('022107-4','Pajero HPE Full 3.2 4x4 T.I.Dies. 5p Aut',41),('022108-2','OUTLANDER 2.4 16V 170cv Aut.',41),('022109-0','Pajero Sport 3.5 V6 Flex 4x4 Aut.',41),('022110-4','Pajero DAKAR 3.2 4x4 T.I. Dies. 5p Aut.',41),('022111-2','Pajero DAKAR 3.2 4x4 T.I. Dies. 5p Mec.',41),('022112-0','Lancer Evolution X 2.0 16V 295cv TB Int.',41),('022113-9','ASX 2.0 16V 160cv Aut.',41),('022114-7','ASX 2.0 16V 160cv Mec.',41),('022115-5','ASX 2.0 16V 4x4 160cv Aut.',41),('022116-3','OUTLANDER 2.0 16V 160cv Aut.',41),('022117-1','L200 Triton XB 3.2 CD TB Int.Diesel Mec.',41),('022118-0','Pajero DAKAR 3.5 4x4 Flex 5p Aut.',41),('022119-8','LANCER SPORT RALLIART 2.0 16V TB Int. 5p',41),('022120-1','Lancer GT 2.0 16V 160cv Aut.',41),('022121-0','Pajero TR4 2.0 Flex 16V 4X2 Mec.',41),('022122-8','Pajero TR4 2.0 Flex 16V 4X2 Aut.',41),('022123-6','Lancer 2.0 16V 160cv Aut.',41),('022124-4','Lancer 2.0 16V 160cv Mec.',41),('022125-2','L200 Triton GLX 3.2 CD TB Int.Diesel Mec',41),('022126-0','L200 Triton GLS 3.2 CD TB Int.Diesel Mec',41),('023001-4','Pathfinder SE 4x4 3.0 12V Aut./Mec.',43),('023003-0','Pathfinder XE 4x4',43),('023004-9','Pick-Up CD AX/ DX 4x4 Diesel',43),('023005-7','Pick-Up CS DX 4x4 Diesel',43),('023006-5','Pick-Up King Cab DX 2.7 4x2 Diesel',43),('023007-3','Quest GXE/ GLE/ SER',43),('023008-1','Sentra GSX/ EX',43),('023009-0','Maxima 30GV/30GV Aero/ GV 3.0 V6 24V',43),('023010-3','Maxima 30J',43),('023011-1','Frontier DX 3.2 CD Diesel',43),('023012-0','Frontier AX 3.2 CD Diesel',43),('023013-8','Maxima 30G/ GLE 3.0 V6 24V',43),('023014-6','Primera GXE 2.0 16V',43),('023015-4','Maxima GXE 3.0',43),('023016-2','NX 2000',43),('023019-7','Pathfinder SE Titanium 3.3 V6 12V',43),('023020-0','Altima GXE 2.4 16V',43),('023021-9','Altima SE 2.4 16V',43),('023022-7','AX 6.5D Turbo Diesel',43),('023023-5','D-21 Pick-Up CS 4x2/4x4 2.7 Diesel',43),('023024-3','D-21 Pick-Up CD 4x2/4x4 2.7 Diesel',43),('023025-1','Infinit 3.0',43),('023026-0','King-Cab SE 4x4 3.0 V6',43),('023027-8','Maxima SE 3.0 V6',43),('023028-6','Micra 1.0 V6',43),('023029-4','NX 2000 Targa 2.0',43),('023030-8','Quest XE 3.0 V6',43),('023031-6','Stanza XE 2.4 12V',43),('023032-4','SX 240 2.4',43),('023033-2','Terrano II SE 2.7 Diesel',43),('023034-0','Terrano II SLX 2.7 Diesel',43),('023035-9','ZX 300 3.0 BI-Turbo',43),('023036-7','Sentra GXE/ SER',43),('023037-5','Sentra GLE',43),('023038-3','Maxima 30GV  Limited 3.0 V6 24V',43),('023039-1','Pathfinder SE Luxo 3.3 V6 12V',43),('023040-5','Pathfinder SE 3.3 V6 12V',43),('023041-3','Frontier AX CD 4x4 2.5 TB Interc. Diesel',43),('023042-1','Pathfinder XE 2.7 TB Diesel',43),('023043-0','Pathfinder SE Luxo 3.5 V6 24V 243cv',43),('023044-8','Frontier XE/ XE TIT. CD 4x2 2.8 TDI Dies',43),('023045-6','Frontier XE/ XE TIT. CD 4x4 2.8 TDI Dies',43),('023046-4','Frontier SE/ SE ONE CD 4x2 2.8 TDI Dies',43),('023047-2','Frontier SE/SE Strik/ONE CD 4x4 2.8 Dies',43),('023048-0','Frontier XE CS 4x2 2.8 TB Interc. Dies.',43),('023049-9','XTerra SE 4x4 2.8 132/140cv TB Int.Dies.',43),('023050-2','XTerra XE 4x4 2.8 132cv TB Int. Diesel',43),('023051-0','350Z 3.5 V6 280cv/ 312cv 2p',43),('023052-9','Frontier SE Serrana CD 4x4 2.8 TB Dies',43),('023053-7','X-TRAIL GX 2.5 16V 180cv 5p',43),('023054-5','Pathfinder LE 2.5 16V TDI Diesel Aut',43),('023055-3','Pathfinder LE 4.0 V6 24V 266cv Aut',43),('023056-1','Frontier XE ATTACK CD 2.8 TDI Diesel',43),('023057-0','XTerra ECOTRIP 4x4 140cv 2.8 TB Int.Dies',43),('023058-8','MURANO SE 3.5 V6 24V 231cv Aut',43),('023059-6','Frontier LE CD 4x4 2.5 TB dies.(Import.)',43),('023060-0','Sentra 2.0/ 2.0 Flex Fuel 16V Mec.',43),('023061-8','Sentra 2.0/ 2.0 Flex Fuel 16V Aut.',43),('023062-6','Sentra S 2.0/ 2.0 Flex Fuel 16V Mec.',43),('023063-4','Sentra S 2.0/ 2.0 Flex Fuel 16V Aut.',43),('023064-2','Sentra SL 2.0/ 2.0 Flex Fuel 16V Aut.',43),('023065-0','TIIDA S 1.8/1.8 Flex 16V 124cv Mec.',43),('023066-9','TIIDA S 1.8/1.8 Flex 16V 124cv Aut.',43),('023067-7','TIIDA SL 1.8/1.8 Flex 16V 124cv Mec.',43),('023068-5','TIIDA SL 1.8/1.8 Flex 16V 124cv Aut.',43),('023069-3','Frontier SE Vibe CD 2.8 TDI Dies.',43),('023070-7','Frontier SEL CD 4x4 2.5 TB Diesel',43),('023071-5','Frontier SEL CD 4x4 2.5 TB Diesel Aut.',43),('023072-3','Pathfinder SE 4.0 V6 24V 266cv Aut.',43),('023073-1','Pathfinder SE 2.5 16V TDI Diesel Aut.',43),('023074-0','X-TRAIL SE 2.0 16V 138cv Aut.',43),('023075-8','X-TRAIL LE 2.0 16V 138cv Aut.',43),('023076-6','Frontier XE CD 4x2 2.5 TB Diesel',43),('023077-4','Frontier SE/SE Strik CD 4x2 2.5 TB Dies.',43),('023078-2','Frontier SE/SE Strik CD 4x4 2.5 TB Dies.',43),('023079-0','Frontier LE CD 4x4 2.5 TB Diesel Mec.',43),('023080-4','Frontier LE CD 4x4 2.5 TB Diesel Aut.',43),('023081-2','Frontier XE  CD 4x4 2.5 TB Diesel',43),('023082-0','LIVINA 1.6 16V Flex Fuel 5p',43),('023083-9','LIVINA SL 1.6 16V Flex Fuel 5p',43),('023084-7','LIVINA 1.8 16V Flex Fuel Aut.',43),('023085-5','LIVINA SL 1.8 16V Flex Fuel Aut.',43),('023086-3','LIVINA GRAND 1.8 16V Flex Fuel Mec.',43),('023087-1','LIVINA GRAND 1.8 16V Flex Fuel Aut.',43),('023088-0','LIVINA GRAND SL 1.8 16V Flex Fuel Mec',43),('023089-8','LIVINA GRAND SL 1.8 16V Flex Fuel Aut.',43),('023090-1','LIVINA X-GEAR 1.6 16V Flex Fuel Mec.',43),('023091-0','LIVINA X-GEAR SL 1.6 16V Flex Fuel Mec.',43),('023092-8','LIVINA X-GEAR SL 1.8 16V Flex Fuel Aut.',43),('023093-6','LIVINA S 1.6 16V Flex Fuel Mec.',43),('023094-4','LIVINA S 1.8 16V Flex Fuel Aut.',43),('023095-2','LIVINA X-GEAR S 1.6 16V Flex Fuel',43),('023096-0','LIVINA GRAND S 1.8 16V Flex Fuel Aut.',43),('023097-9','LIVINA GRAND S 1.8 16V Flex Fuel Mec.',43),('023098-7','TIIDA Sedan 1.8 16V Flex Fuel 4p',43),('023099-5','LIVINA NIGHT&DAY 1.6 16V Flex Fuel Mec.',43),('023100-2','Frontier SE ATTACK CD 4x2 2.5 TB Diesel',43),('023101-0','Frontier SE ATTACK CD 4x4 2.5 TB Diesel',43),('023102-9','Frontier LE ATTACK CD 4x4 2.5 TB Die.Aut',43),('023103-7','Sentra UNIQUE 2.0 Flex Fuel 16V Aut.',43),('023104-5','MARCH S 1.0 16V Flex Fuel 5p',43),('023105-3','MARCH 1.0 16V Flex Fuel 5p',43),('023106-1','Sentra SR 2.0 Flex Fuel 16V Aut.',43),('023107-0','Sentra SR 2.0 Flex Fuel 16V Mec.',43),('023108-8','MARCH S 1.6 16V Flex Fuel 5p',43),('023109-6','MARCH SV 1.6 16V Flex Fuel',43),('023110-0','MARCH SR 1.6 16V Flex Fuel 5p',43),('023111-8','VERSA S 1.6 16V Flex Fuel Mec. 4p',43),('023112-6','VERSA SV 1.6 16V Flex Fuel Mec. 4p',43),('023113-4','VERSA SL 1.6 16V Flex Fuel Mec 4p',43),('024001-0','106 XN 3p e 5p',44),('024002-8','106 XT',44),('024003-6','205 XSi/ Junior 1.4 3p',44),('024004-4','306 Cabriolet 1.8/ Mi 16V',44),('024005-2','306 Cabriolet 2.0',44),('024006-0','306 S16 2.0 3p',44),('024007-9','306 XS 1.6 3p/ ST 1.8i 4p',44),('024008-7','306 XSi 2.0 3/5p',44),('024009-5','405 GLi/ GL 1.6',44),('024010-9','405 GRi 1.8',44),('024011-7','405 SRi 1.8',44),('024012-5','405 SRi 2.0',44),('024013-3','405 SRi Break',44),('024014-1','405 STi',44),('024015-0','605 SRi/ SLi 2.0',44),('024016-8','605 SV 3.0 Aut',44),('024017-6','806 SV 2.0 Turbo',44),('024020-6','406 ST/ SVA 2.0 16V Aut',44),('024021-4','Boxer 2.5 Diesel',44),('024022-2','806 ST Turbo',44),('024023-0','406 Cupê 3.0 24V Mec.',44),('024025-7','406 SVE 3.0 24V',44),('024026-5','106 Selection 1.0 3p',44),('024027-3','106 Soleil 1.0 3p',44),('024028-1','106 Passion 1.0 3p',44),('024029-0','206 Soleil 1.6 3p',44),('024030-3','206 Passion 1.6',44),('024031-1','206 Rallye 1.6',44),('024032-0','306 Break Passion 1.8 16V',44),('024033-8','306 GTi 2.0 16V',44),('024035-4','406 ST 2.0 16V  Mec',44),('024036-2','406 Break 2.0 16V',44),('024037-0','406 SV 2.0 16V',44),('024038-9','306 Selection Hatch 1.8 16V',44),('024039-7','306 Selection Sedan 1.8 16V',44),('024040-0','306 Passion 1.8 16V',44),('024041-9','306 XN 1.8',44),('024042-7','106 KID 1.0',44),('024043-5','306 Rallye 1.8 16V',44),('024044-3','306 Si/ SL 1.8',44),('024045-1','306 SR',44),('024046-0','306 Passion Sedan 1.8 16V',44),('024047-8','306 XR 1.8 / XR Break 1.8 16V',44),('024048-6','405 Mi 2.0 16V',44),('024049-4','504 GD 2.3 Diesel',44),('024050-8','504 GRD 2.3 Diesel',44),('024051-6','406 Sedan 2.0 Mec.',44),('024052-4','406 Familiale 2.0 16V Mec.',44),('024053-2','605 SV-3 3.0 V6 24V',44),('024054-0','Boxer 2.8 10Lug. Diesel',44),('024055-9','205 GTi 1.4',44),('024057-5','306 Soleil 1.8 16V 2p',44),('024058-3','306 Soleil 1.8 16V  4p',44),('024059-1','406 Break 3.0 V6 24V',44),('024060-5','406 SVA 3.0 24V',44),('024061-3','505 SR/ SRi/ SRX',44),('024062-1','605 SRi 3.0',44),('024063-0','Partner Furgão 1.8 3p',44),('024064-8','205 CJ Cabriolet',44),('024065-6','205 CTi Cabriolet 1.4',44),('024066-4','106 Passion 1.0 5p',44),('024067-2','106 Selection 1.0 5p',44),('024068-0','106 Soleil 1.0 5p',44),('024069-9','206 Soleil 1.6 5p',44),('024070-2','406 Cupê 3.0 24V Aut.',44),('024071-0','406 Familiale 2.0 16V Aut.',44),('024072-9','406 Sedan 2.0 Aut.',44),('024073-7','Boxer 2.8 15L/16L Dies./TB Diesel',44),('024074-5','406 Break ST 2.0',44),('024075-3','406 Sedan 3.0 V6 24V',44),('024076-1','306 Soleil Hatch 1.8 16V 5p',44),('024077-0','306 Soleil Break 1.8 16V 5p',44),('024078-8','106 Quiksilver 1.0 3p',44),('024079-6','607 Sedan 3.0 V6',44),('024080-0','206 CC 1.6 16v 2p',44),('024081-8','206 Soleil/ Quiksilver 1.0 16v 3p',44),('024082-6','206 Selection/ Sensation 1.0 16v 3p',44),('024084-2','206 Selection/ Sensation 1.0 16v 5p',44),('024085-0','206 Soleil 1.0 16v 5p',44),('024086-9','206 Soleil/ Quiksilver 1.6 16v 110cv 3p',44),('024087-7','206 Soleil 1.6 16v 110cv 5p',44),('024088-5','206 Passion 1.6 16v 110cv 5p',44),('024089-3','206 Rallye 1.6/ 1.6 Flex 16v 110cv 3p',44),('024090-7','307 Soleil/ Presence 1.6/1.6 Flex 16V 5p',44),('024091-5','307 Passion 1.6 16V 110cv 5p',44),('024092-3','307 Rallye 1.6 16V 110cv 5p',44),('024093-1','Boxer 2.8 Furgão Dies/ TB Dies.curto/méd',44),('024094-0','Boxer 2.8 Furg. TB Dies. Méd/LongoT.Alto',44),('024095-8','206 Selection 1.6 16V 110cv 3p',44),('024096-6','206 Select./Presence 1.6/1.6 Flex 16V 5p',44),('024097-4','307 SW 2.0 16V 138cv 5p Mec.',44),('024098-2','307 Rallye 2.0 16V 138cv 5p',44),('024099-0','206 Techno 1.0 16V 70cv 5p',44),('024100-8','206 Techno/ Feline 1.6/ 1.6 Flex 16V 5p',44),('024101-6','Partner Furgão 1.6 16V/ 1.6 16V Flex 3p',44),('024102-4','206 Presence 1.4/ 1.4 Flex 8V 3p',44),('024103-2','206 Presence 1.4/ 1.4 Flex 8V 5p',44),('024104-0','206 Feline 1.4/ 1.4 Flex 8V 5p',44),('024105-9','307 Feline 2.0/ 2.0 Flex 16V 5p Mec',44),('024106-7','307 Feline/Griff 2.0/Premi. 2.0 Flex 16V 5p Aut',44),('024107-5','307 Rallye 2.0 16V 138cv 5p Aut',44),('024108-3','807 2.0 16V 138cv 5p Aut',44),('024109-1','307 SW 2.0 16V 5p Aut.',44),('024110-5','307 CC 2.0 16V 138cv 2p Mec.',44),('024111-3','307 CC 2.0 16V 2p Aut.',44),('024112-1','206 SW Presence 1.4/ 1.4 Flex 8V 5p',44),('024113-0','206 SW Presence 1.6/1.6 Flex 16V 5p',44),('024114-8','206 SW Feline 1.6/ 1.6 Flex 16V 5p',44),('024115-6','407 Sedan 2.0 16V  138cv 4p Aut',44),('024116-4','407 Sedan 3.0 V6 211cv 4p Aut',44),('024117-2','407 SW 2.0 16V 5p Aut',44),('024118-0','407 SW 3.0 V6 211cv 5p Aut',44),('024119-9','206 Holiday 1.4 8V 75cv 3p',44),('024120-2','206 Holiday 1.4 8V 75cv 5p',44),('024121-0','206 Holiday 1.6 Flex 16V 3p',44),('024122-9','206 Holiday 1.6 Flex 16V 5p',44),('024123-7','206 Sensation 1.4 Flex 8V 3p',44),('024124-5','206 Sensation 1.4 Flex 8V 5p',44),('024125-3','307 Passion 2.0 16V 138cv 5p',44),('024126-1','307 Sed. Presence 1.6 Flex 16V 4p',44),('024127-0','307 Sed. Feline 2.0/ 2.0 Flex 16V 4p Mec',44),('024128-8','307 Sed.Feline/Griff 2.0/2.0 Flex 4p Aut',44),('024129-6','206 SW ESCAPADE 1.6 16v Flex 5p',44),('024130-0','206 Moonlight 1.4 Flex 8V 3p',44),('024131-8','206 Moonlight 1.4 Flex 8V 5p',44),('024132-6','206 Allure 1.6 Flex 16V 3p',44),('024133-4','206 Allure 1.6 Flex 16V 5p',44),('024134-2','206 Automatic (feline)1.6 Flex 16V 5p',44),('024135-0','206 SW Automatic (feline)1.6 Flex 16V 5p',44),('024136-9','307 SW Allure 2.0 16V 5p Mec.',44),('024137-7','307 SW Allure 2.0 16V 5p Aut.',44),('024138-5','307 SW Feline 2.0 16V 5p Aut.',44),('024139-3','407 Sed. Allure 2.0 16V 4p Aut.',44),('024140-7','407 Sed. Feline 3.0 V6 211cv 4p Aut.',44),('024141-5','407 Sed. Griffe 3.0 V6 211cv 4p Aut.',44),('024142-3','407 SW Allure 2.0 16V 5p Aut.',44),('024143-1','407 SW Feline 3.0 V6 211cv 5p Aut.',44),('024144-0','206 SW Moonlight 1.4 Flex 8V 5p',44),('024145-8','207 XR 1.4 Flex 8V 3p',44),('024146-6','207 XR 1.4 Flex 8V 5p',44),('024147-4','207 XR Sport 1.4 Flex 8V 3p',44),('024148-2','207 XR Sport 1.4 Flex 8V 5p',44),('024149-0','207 XS 1.6 Flex 16V 3p',44),('024150-4','207 XS 1.6 Flex 16V 5p',44),('024151-2','207 XS 1.6 Flex 16V 5p Aut.',44),('024152-0','207 SW XR 1.4 Flex 8V 5p',44),('024153-9','207 SW XR Sport 1.4 Flex 8V 5p',44),('024154-7','207 SW XS 1.6 Flex 16V 5p Aut.',44),('024155-5','207 Sedan Passion XR 1.4 Flex 8V 4p',44),('024156-3','207 Sed. Passion XR Sport 1.4 Flex 8V 4p',44),('024157-1','207 Sedan Passion XS 1.6 Flex 16V 4p',44),('024158-0','207 Sedan Passion XS 1.6 Flex 16V 4p Aut',44),('024159-8','207 SW ESCAPADE 1.6 16V Flex 5p',44),('024160-1','307 Presence 2.0 Flex 16V 5p Aut.',44),('024161-0','307 Sed. Presence 2.0 Flex 16V 5p Aut.',44),('024162-8','Boxer 2.3 Furg.TB Dies. Curto/Médio',44),('024163-6','Boxer 2.3 Furg.TB Dies. Méd/ LongoT.Alto',44),('024164-4','207 X-Line 1.4 Flex 8V 3p',44),('024165-2','207 X-Line 1.4 Flex 8V 5p',44),('024166-0','Boxer 2.3 Minibus 16L TB Diesel.',44),('024167-9','207 QUIKSILVER 1.4 Flex 8V 3p',44),('024168-7','207 QUIKSILVER 1.4 Flex 8V 5p',44),('024169-5','HOGGAR X-Line 1.4 Flex 8V 2p',44),('024170-9','HOGGAR XR 1.4 Flex 8V 2p',44),('024171-7','HOGGAR ESCAPADE 1.6 Flex 16V 2p',44),('024172-5','Partner  VAN 1.6  Flex 16V  5p',44),('024173-3','Partner  VAN ESCAPADE 1.6 Flex 16V 5p',44),('024174-1','307 MILLESIM200 1.6 Flex 16V 5p',44),('024175-0','3008 Allure 1.6 Turbo 16V 5p Aut.',44),('024176-8','3008 Griffe 1.6 Turbo 16V 5p Aut.',44),('024177-6','408 Sedan Allure 2.0 Flex 16V 4p Aut.',44),('024178-4','408 Sedan Allure 2.0 Flex 16V 4p Mec.',44),('024179-2','408 Sedan Feline 2.0 Flex 16V 4p Aut.',44),('024180-6','408 Sedan Griffe 2.0 Flex 16V 4p Aut.',44),('024181-4','Boxer 2.3 LH Executive 16L TB Diesel',44),('024182-2','RCZ 1.6 Turbo16v 2p Aut.',44),('024183-0','207 QUIKSILVER 1.6 Flex 16V 5p',44),('024184-9','308 Feline 2.0 Flex 16V 5p Aut.',44),('024185-7','408 Sedan Griffe 1.6 Turbo 16V 4p Aut.',44),('024186-5','308 Active 1.6 Flex 16V 5p mec.',44),('024187-3','308 Allure 1.6 Flex 16V 5p Mec.',44),('024188-1','308 Allure 2.0 Flex 16V 5p Mec.',44),('024189-0','308 Allure 2.0 Flex 16V 5p Aut.',44),('025001-5','19 16S/ RT 16V',48),('025002-3','19 RN',48),('025003-1','19 RT 1.8/ 1.8i',48),('025004-0','Clio RL 1.6 3p/5p',48),('025005-8','Clio RT 1.6 5p',48),('025006-6','Laguna RT 2.0',48),('025007-4','Laguna V6',48),('025008-2','21 Nevada TXE 2.2',48),('025009-0','Twingo 1.2',48),('025010-4','Laguna Nevada RT/ RXE 2.0s 16V',48),('025011-2','Laguna RXE 2.0s 8V/ 16V',48),('025012-0','Express 1.6/ RL 1.6',48),('025014-7','Megane Hatch RT 1.6/RT/Alizé/Exp 1.6 16V',48),('025015-5','Megane Sedan RT 2.0',48),('025016-3','Megane Hatch RXE 2.0',48),('025017-1','Megane Sedan RXE/Egeus 2.0',48),('025018-0','Trafic Furgão Chassi Curto 2.2',48),('025019-8','Trafic Furgão Chassi Longo 2.2',48),('025020-1','21 GTX 2.0',48),('025021-0','Clio RN 1.6 3p (importado)',48),('025022-8','Megane Hatch RN 1.6',48),('025023-6','Safrane RXE',48),('025024-4','Scénic RT 2.0',48),('025025-2','Scénic RXE 2.0',48),('025026-0','Clio RL / Yahoo/ Authent. 1.0 5p',48),('025027-9','Clio RN/ Expression 1.0 5p',48),('025028-7','Clio RN 1.6 5p',48),('025029-5','Scénic RT/Auth/Auth/Kids Hi-Flex 1.6 16V',48),('025030-9','Twingo Easy 1.2',48),('025031-7','19 RT 1.8/ 1.8i Conv.',48),('025033-3','21 Nevada GTX 2.2',48),('025034-1','21 TXE/ TXi 2.2',48),('025035-0','Twingo 1.0 8V',48),('025036-8','Trafic Van 2.2',48),('025037-6','Twingo Pack 1.0 8V',48),('025038-4','Kangoo RL 1.0 8V',48),('025039-2','Kangoo RN 1.0 8V',48),('025040-6','Kangoo RN/Expression 1.6 16V / 1.6 8V 5p',48),('025041-4','Kangoo RL 1.6 8V',48),('025042-2','Megane Sedan RT/Alizé 1.6 16V',48),('025043-0','Megane Hatch RXE/Egeus 1.6 16V',48),('025044-9','Kangoo Express RL/ Express 1.0 16V/ 8V',48),('025045-7','Kangoo Express RL/ Express 1.6 16V/ 8V',48),('025046-5','Scénic RXE Egeus 2.0',48),('025047-3','Trafic Furgão 2.0 98cv',48),('025048-1','Clio RN/ Expression 1.6 16V 5p',48),('025049-0','Clio RT/ Privilège 1.6 16V 5p',48),('025050-3','Clio Sedan RN/ Expression 1.6 16V 4p',48),('025051-1','Clio Sed RT/ Privilège/ Botic 1.6 16V 4p',48),('025052-0','Scénic Alizé/ Expression 1.6 16V Mec.',48),('025053-8','Clio SI 1.6 16V 4p',48),('025054-6','Clio RN/ Alizé/ Exp.1.0/1.0 Hi-Power 5p',48),('025055-4','Clio Sed.RN/Alizé/Botic./Exp.1.0 Hi-Pow.',48),('025056-2','Clio RT/ Privil. 1.0/1.0 Hi-Power 16V 5p',48),('025057-0','Clio Sed.RT/Privil.1.0/1.0 Hi-Pow.16V 4p',48),('025058-9','Scénic RXE/ Privilège 1.6 16V Mec.',48),('025059-7','Scénic RXE/ Privilège 2.0 16V 5p Mec.',48),('025060-0','Clio Tech Run 1.0 16v 70cv 5p',48),('025061-9','Clio RL/ JP/ Authent.1.0/1.0 Hi-Power 5p',48),('025062-7','Scénic RT 2.0 16V 5p Mec.',48),('025063-5','Scénic RT 2.0 16V 5p Aut.',48),('025064-3','Scénic RXE/ Privilège 2.0 16V 5p Aut.',48),('025065-1','Twingo Pack 1.0 16V 70cv',48),('025066-0','Twingo Initiale 1.0 16V 70cv',48),('025067-8','Clio Sed.RL/Auth.1.0/1.0 Hi-Power 16V 4p',48),('025068-6','Master 2.8 Furgão 85cv Diesel curto',48),('025069-4','Master 2.8 DTI Furgão Dies.Longo Alto',48),('025070-8','Kangoo RL/ Yahoo 1.0 16V 70cv',48),('025071-6','Master 2.8 DTI 114cv 16L Diesel',48),('025072-4','Kangoo RN/ Yahoo/ Expression 1.0 16V 5p',48),('025073-2','Kangoo RT 1.0 16V 70cv 5p',48),('025074-0','Kangoo RT 1.6 16V/ 8V 90cv 5p',48),('025075-9','Clio RL Alizé/ Authent. 1.6 16V 110cv 5p',48),('025076-7','Clio Sed. Alizé 1.6/ 1.6 Hi-Flex 16v 4p',48),('025077-5','Scénic Alizé/ Expression 2.0 16V 5p',48),('025078-3','Megane Sedan RXE/ Privilège 2.0 16V Mec',48),('025079-1','Laguna Privilège 3.0 V6 24V 210cv 5p',48),('025080-5','Laguna Grand Tour Privilège 3.0 V6 210cv',48),('025081-3','Clio Authentique 1.0 8V 3p',48),('025082-1','Clio Authentique 1.0/1.0 Hi-Power 16V 3p',48),('025083-0','Master 2.8 DTI Furgão 114cv Diesel curto',48),('025084-8','Master 2.8 DTI Chassi 114cv Diesel',48),('025085-6','Clio Expression 1.0 8V 60cv 3p',48),('025086-4','Clio Expression 1.0/1.0 Hi-Power 16V 3p',48),('025087-2','Scénic Expression 1.6 16V Aut.',48),('025088-0','Scénic Privillège 1.6 16V Aut.',48),('025089-9','Scénic Privillège 2.0 Plus 16V 5p Aut',48),('025090-2','Clio Dynamique 1.0/ 1.0 Hi-Power 16V 3p',48),('025091-0','Clio Dynamique 1.6 16V 110cv 3p',48),('025092-9','Megane Sedan Privilège 2.0 16V Aut',48),('025093-7','Clio Sedan Authentique 1.6 16V 110cv 4p',48),('025094-5','Master 2.5 dCi 16V 115cv 16L Diesel',48),('025095-3','Clio Hi-Flex 1.6 16V 3p',48),('025096-1','Clio Hi-Flex/ Expres. Hi-Flex 1.6 16V 5p',48),('025097-0','Clio Sed. Hi-Flex/Exp.Hi-Flex 1.6 16V 4p',48),('025098-8','Clio Dynamique Hi-Flex 1.6 16V 3p',48),('025099-6','Clio Auth. /AIR Hi-Flex 1.6 16V 5p',48),('025100-3','Clio Privilège Hi-Flex 1.6 16V 5p',48),('025101-1','Clio Sed. Privilège Hi-Flex 1.6 16V 4p',48),('025102-0','Clio Sed. Authentique Hi-Flex 1.6 16V 4p',48),('025103-8','Master 2.5 dCi Chassi 16V 115cv Diesel',48),('025104-6','Master 2.5 dCi Furgão 115cv Curto Diesel',48),('025105-4','Master 2.5 dCi Furgão 115cv Longo Diesel',48),('025106-2','Kangoo Authentique 1.6 16V 95cv',48),('025107-0','Scénic Hi-Flex/Express. Hi-Flex 1.6 16V',48),('025108-9','Scénic Privilège Hi-Flex 1.6 16V',48),('025109-7','Clio Authentique Hi-Flex 1.6 16V 3p',48),('025110-0','Master 2.5 dCi 16V 115cv 13L Diesel',48),('025111-9','Clio Authentique Hi-Flex 1.0 16V 3p',48),('025112-7','Clio Authentique Hi-Flex 1.0 16V 5p',48),('025113-5','Clio Expression Hi-Flex 1.0 16V 3p',48),('025114-3','Clio Expression Hi-Flex 1.0 16V 5p',48),('025115-1','Clio Privilège Hi-Flex 1.0 16V 5p',48),('025116-0','Clio Sed. Authentique Hi-Flex 1.0 16V 4p',48),('025117-8','Clio Sed. Expression Hi-Flex 1.0 16V 4p',48),('025118-6','Clio Sed. Privilège Hi-Flex 1.0 16V 4p',48),('025119-4','Megane Sedan Expression Hi-Flex 1.6 16V',48),('025120-8','Megane Sedan Dynamique Hi-Flex 1.6 16V',48),('025121-6','Clio GetUp Hi-Flex 1.0 16V 3p',48),('025122-4','Clio GetUp Hi-Flex 1.0 16V 5p',48),('025123-2','Clio Sedan Egeus Hi-Flex 1.0 16V 4p',48),('025124-0','Clio Sedan Egeus Hi-Flex 1.6 16V 4p',48),('025125-9','Scénic SPORTWAY Hi-Flex 1.6 16V 5p',48),('025126-7','Megane Sedan Dynamique 2.0 16V Mec.',48),('025127-5','Megane Sedan Dynamique 2.0 16V Aut.',48),('025128-3','Kangoo Expres.SPORTWAY 1.6/1.6 Hi-Flex',48),('025129-1','Megane Grand Tour Dynam. Hi-Flex 1.6 16V',48),('025130-5','Megane Grand Tour Dynamique 2.0 16V Mec.',48),('025131-3','Megane Grand Tour Dynamique 2.0 16V Aut.',48),('025132-1','Kangoo Expression Hi-Flex 1.6 16V 5p',48),('025133-0','Kangoo Express Hi-Flex 1.6 16V',48),('025134-8','Kangoo Authentique Hi-Flex 1.6 16V',48),('025135-6','LOGAN Authentique Hi-Flex 1.0 16V 4p',48),('025136-4','LOGAN Expres./Exp. UP Hi-Flex 1.0 16V 4p',48),('025137-2','LOGAN Privilège Hi-Flex 1.6 16V 4p',48),('025138-0','LOGAN Authentique Hi-Flex 1.6 8V 4p',48),('025139-9','LOGAN Expression Hi-Flex 1.6 8V 4p',48),('025140-2','LOGAN Privilège Hi-Flex 1.6 8V 4p',48),('025141-0','SANDERO Authentique Hi-Flex 1.0 16V 5p',48),('025142-9','SANDERO Authentique Hi-Flex 1.6 8V 5p',48),('025143-7','SANDERO Expression Hi-Flex 1.0 16V 5p',48),('025144-5','SANDERO Expression Hi-Flex 1.6 8V 5p',48),('025145-3','SANDERO Privilège Hi-Flex 1.6 8V 5p',48),('025146-1','SANDERO Privilège Hi-Flex 1.6 16V 5p',48),('025147-0','Megane Coupé Cabriolet Dynamique 2.0 Aut',48),('025148-8','Scénic Grand Dynamique 2.0 16V 5p Aut.',48),('025149-6','Megane Sed. Expression 2.0 16V Aut.',48),('025150-0','Clio Campus Hi-Flex 1.0 16V 3p',48),('025151-8','Clio Campus Hi-Flex 1.0 16V 5p',48),('025152-6','SANDERO NOKIA Hi-Flex 1.6 16V 5p',48),('025153-4','Megane Grand Tour Privilège 2.0 16V Aut.',48),('025154-2','Megane Sed. Expression 2.0 16V Mec.',48),('025155-0','Megane Grand Tour Expres.Hi-Flex 1.6 16V',48),('025156-9','SANDERO STEPWAY Hi-Flex 1.6 16V 5p',48),('025157-7','Master 2.5 dCi Escolar 115cv 16/19L Dies',48),('025158-5','Master 2.5 dCi Executivo 115cv 16L Dies',48),('025159-3','SYMBOL Privilège Hi-Flex 1.6 16V 4p',48),('025160-7','SYMBOL Expression Hi-Flex 1.6 16V 4p',48),('025161-5','Megane Sed. EXTREME HI-Flex 1.6 16V Mec.',48),('025162-3','Megane Sed. EXTREME 2.0 16V Mec.',48),('025163-1','Megane Sed. EXTREME 2.0 16V Aut.',48),('025164-0','Megane G. Tour EXTREME Hi-Flex 1.6 Mec.',48),('025165-8','Megane G. Tour EXTREME 2.0 16V Mec.',48),('025166-6','Megane G. Tour EXTREME 2.0 16V Aut.',48),('025167-4','SYMBOL Expression Hi-Flex 1.6 8V 4p',48),('025168-2','SANDERO vibe Hi-Flex 1.6 8V 5p',48),('025169-0','Clio Hi-Flex 1.0 16V 3p',48),('025170-4','Clio Hi-Flex 1.0 16V 5p',48),('025171-2','SYMBOL CONNECTION Hi-Flex 1.6 8V 4p',48),('025172-0','SANDERO GT line Hi-Flex 1.6 16V 4p',48),('025173-9','FLUENCE Sedan Dynamique 2.0 16V FLEX Mec.',48),('025174-7','FLUENCE Sedan Dynamique 2.0 16V FLEX Aut.',48),('025175-5','FLUENCE Sedan Privilège 2.0 16V FLEX Aut.',48),('025176-3','SANDERO Privilège HI-FLEX 1.6 16V 5p Aut',48),('025177-1','LOGAN Expression Hi-Flex 1.6 16V 4p Aut',48),('025178-0','LOGAN Avantage Hi-Flex 1.0 16V 4p',48),('025179-8','Master 2.5 dCi Vitré 115cv Curto Diesel',48),('025180-1','Master 2.5 dCi Vitré 115cv Longa Diesel',48),('025181-0','DUSTER 1.6 Hi-Flex 16V Mec',48),('025182-8','DUSTER Expression 1.6 Hi-Flex 16V Mec.',48),('025183-6','DUSTER Dynamique 1.6 Hi-Flex 16V Mec.',48),('025184-4','DUSTER Dynamique 2.0 Hi-Flex 16V Mec.',48),('025185-2','DUSTER Dynamique 2.0  Hi-Flex 16V Aut.',48),('025186-0','DUSTER Dynamique 4x4 2.0 Hi-Flex 16V Mec.',48),('025187-9','SANDERO STEPWAY Hi-Flex 1.6 16V 5p Aut.',48),('025188-7','SANDERO STEPWAY Hi-Flex CURL 1.6 16V 5p',48),('026001-0','Cordoba SXE 1.8 / GLX 1.8 4p',52),('026002-9','Ibiza SXE / GLX 1.8',52),('026003-7','Cordoba 1.6L',52),('026004-5','Cordoba Vario 1.6L',52),('026005-3','Ibiza 1.0i 8v',52),('026006-1','Ibiza 1.6L',52),('026007-0','Inca 1.6L',52),('026008-8','Ibiza 1.0 16v 4p',52),('027004-0','Legacy GL 2.0/ GLS Mec',54),('027005-9','Legacy GX 2.2 4x4',54),('027006-7','Legacy GL TW 2.0 4x2 Mec./Aut.',54),('027007-5','Legacy GX TW 2.5 4x4 Mec',54),('027008-3','SVX Cupê 3.3 4x4 Aut',54),('027009-1','Vivio SD GLI 3p Mec',54),('027010-5','Impreza GT 2.0 Turbo',54),('027013-0','Forester 2.0 4x4 Mec.',54),('027014-8','Impreza GL 2.0 4x2 Mec.',54),('027015-6','Impreza GL 2.0 4x4 Mec.',54),('027016-4','Impreza SW GL 1.6/1.8/2.0 4x4 16V',54),('027017-2','Legacy GX 2.5 4x4 Aut.',54),('027018-0','Outback 2.5 4x4 Mec.',54),('027019-9','Legacy SW 2.2',54),('027020-2','Impreza GL 1.6/1.8 16V',54),('027021-0','Impreza GL 4x4 2.0 16V',54),('027022-9','Impreza GL 4x4 1.8 16V',54),('027023-7','Legacy GL 1.8',54),('027024-5','Forester 2.0 4x4 Aut.',54),('027025-3','Impreza GL 2.0 4x4 Aut.',54),('027026-1','Legacy GL/ GLS 2.0 Aut.',54),('027027-0','Legacy GX TW 2.5 4x4 Aut.',54),('027028-8','Outback 2.5 4x4 Aut.',54),('027029-6','Legacy GX TW 2.2 4x4 Mec.',54),('027030-0','Legacy GX TW 2.2 4x4 Aut.',54),('027031-8','Legacy GX 2.5 4x4 Mec.',54),('027032-6','Impreza GL 2.0 4x2 Aut.',54),('027033-4','Legacy GL TW 2.0 4x4 Mec.',54),('027034-2','Legacy GL TW 2.0 4x4 Aut.',54),('027037-7','Forester 2.0 4x4 Turbo',54),('027038-5','Impreza SD RX 2.0 4x4',54),('027039-3','Forester 2.0 16v 4x4 Turbo Aut.',54),('027040-7','Impreza SD GX 2.0 16v 4x4 4p Aut.',54),('027041-5','Impreza SW GT 2.0 16v 4x4 Turbo Mec.',54),('027042-3','Impreza SW GX 2.0 16v 4x4 Aut.',54),('027043-1','Impreza SD WRX 2.0 16v 4x4',54),('027044-0','Impreza SW WRX 2.0 16v 4x4 TB',54),('027045-8','Outback 3.0 H6 SW 245cv Aut.',54),('027046-6','Legacy 3.0 R H6 245cv Aut.',54),('027047-4','Forester XT 2.5 16V 4x4 Turbo Aut.',54),('027048-2','Impreza SD WRX 2.5 16V TB 4x4 4p',54),('027049-0','Impreza SW WRX 2.5 16V TB 4x4 5p',54),('027050-4','Impreza WRX 2.5 16V TB 4x4 5p',54),('027051-2','Impreza 2.0 16V 160cv Aut.',54),('027052-0','Impreza 2.0 16V 160cv Mec.',54),('027053-9','Impreza 1.5 16V 115cv Aut.',54),('027054-7','Impreza 1.5 16V 115cv Mec.',54),('027055-5','TRIBECA 3.6 24V 270cv 5p Aut.',54),('027056-3','Impreza WRX STI 2.5 16V TB 4x4',54),('027057-1','Impreza SD 2.0 16V 160cv Aut.',54),('027058-0','Legacy 2.0 16V 160cv Aut.',54),('027059-8','Legacy GT 2.5  16V 280cv Aut.',54),('027060-1','Outback 3.6 H6 SW 280cv Aut.',54),('027061-0','Impreza XV 2.0 16V 160cv Aut.',54),('027062-8','Impreza XV 2.0 16V 160cv Mec.',54),('027063-6','Impreza SD WRX STI 2.5 16V TB 4x4',54),('027064-4','Forester XT S-EDITION 2.5 16V 4x4 TB Aut',54),('028001-1','Samurai JX Canvas 1.3',55),('028002-0','Samurai JX Metal 1.3',55),('028003-8','Sidekick Metal',55),('028004-6','Swift GL',55),('028005-4','Swift GTi 1.3 3p',55),('028006-2','Swift Hatch 1.0 3p e 5p',55),('028007-0','Vitara JLX Canvas 1.6 8V 2p',55),('028008-9','Vitara JLX Metal 1.6 8V 2p',55),('028009-7','Baleno 1.6 16V Mec.',55),('028010-0','Baleno Wagon 1.6 16V Aut.',55),('028011-9','Grand Vitara 1.6 16V Mec.',55),('028012-7','Grand Vitara 2.0 16V 3p',55),('028013-5','Grand Vitara 2.0 16V 5p Mec.',55),('028014-3','Grand Vitara 2.5 V6 5p Mec.',55),('028015-1','Jimny Wide/ Jimmy 1.3 16V',55),('028016-0','Wagon R+ 1.0 Mec.',55),('028017-8','Vitara JLX 2.0 V6 4x4',55),('028018-6','Swift GTI Convers. 16V',55),('028019-4','Grand Vitara Sport 2.0 16V Mec.',55),('028020-8','Super Carry Van/ Furgão 1.0',55),('028021-6','Swift Hatch/ Sedan 1.3',55),('028022-4','Vitara JLX 1.6 16V 4x4 4p Mec.',55),('028023-2','Baleno 1.6 16V Aut.',55),('028025-9','Grand Vitara 1.6 16V Aut.',55),('028026-7','Grand Vitara 2.0 16V 5p Aut.',55),('028027-5','Grand Vitara 2.5 V6 5p Aut.',55),('028028-3','Grand Vitara Sport 2.0 16V Aut.',55),('028031-3','Sidekick Canvas',55),('028032-1','Swift Sedan 1.6 16V',55),('028033-0','Grand Vitara 2.0 16V Ed. Special 5p Mec.',55),('028034-8','Grand Vitara 2.0 16V Ed. Special 5p Aut.',55),('028035-6','Vitara JLX 1.6 16V 4x4 4p Aut.',55),('028036-4','Grand Vitara 2.0 TB-IC Diesel 4p',55),('028037-2','Grand Vitara 2.0 16V 5p/ Gold Mec( Arg.)',55),('028038-0','Grand Vitara 2.0 16V 5p/ Gold Aut( Arg.)',55),('028039-9','Grand Vitara XL_7 2.7 24V 173cv 4p Mec.',55),('028040-2','Grand Vitara XL_7 2.7 24V 173cv  4p Aut.',55),('028041-0','Ignis 1.3 16V 82cv 4p Mec.',55),('028042-9','Ignis 1.3 16V 82cv 4p Aut.',55),('028043-7','Ignis WRS 1.3 16V 82cv 4x4 4p',55),('028044-5','Grand Vitara 3.2 24V 4WD 5p Aut.',55),('028045-3','SX4 2.0 16V 145cv 4WD 5p Mec.',55),('028046-1','SX4 2.0 16V 145cv 4WD 5p Aut.',55),('029001-7','460 GLT 2.0/ Turbo 1.8',58),('029002-5','850 Sedan',58),('029003-3','850 T-5 SW 2.5 BI-Turbo/ 2.3 Turbo',58),('029004-1','960 Sedan',58),('029005-0','S40 1.8 Aut',58),('029006-8','V40 1.8 Aut',58),('029007-6','C70 Cupê',58),('029008-4','S70 R',58),('029009-2','S80 T6 2.8 BI-Turbo',58),('029010-6','V70 R 2.5 300cv AWD Aut.',58),('029011-4','S40 2.0 Mec.',58),('029012-2','S40 2.0 T',58),('029013-0','S40 T-4',58),('029014-9','S70 2.5',58),('029015-7','S70 T-5 2.3',58),('029016-5','S80 2.9',58),('029017-3','V40 2.0',58),('029019-0','V40 T-4',58),('029020-3','V70 2.5',58),('029021-1','V70 XC/ XC 70',58),('029022-0','V70 T5 2.3',58),('029023-8','850 GLE 2.5 20V',58),('029024-6','850 GLE SW 20V',58),('029025-4','850 GLT 2.5 20V',58),('029026-2','850 TURBO 20V/ R Turbo 2.3',58),('029027-0','C70 Cabriolet',58),('029028-9','V40 2.0 Turbo',58),('029029-7','440 Turbo 1.8',58),('029031-9','850 GLT SW 2.5 20V',58),('029032-7','850 R SW 2.3 Turbo',58),('029033-5','940 Turbo/ SW Turbo 3.0',58),('029034-3','S40 1.8 Mec.',58),('029035-1','V40 1.8 Mec.',58),('029037-8','S70 2.5 Aut.',58),('029038-6','S70 R Aut.',58),('029039-4','V40 T-4 Aut.',58),('029040-8','V40 2.0 Aut.',58),('029042-4','S40 T 2.0  Turbo Aut.',58),('029043-2','S40 2.0 Aut.',58),('029044-0','V70 T 2.4',58),('029045-9','V70 T 2.4/ 2.5 Premium',58),('029046-7','S80 2.9 ARM',58),('029047-5','S80 T6 2.8 BI-Turbo ARM',58),('029048-3','S40 T-4 ARM Aut.',58),('029049-1','V40 T-4 ARM Aut.',58),('029050-5','S40 T-4 ARM Mec.',58),('029052-1','V70 Cross Country 2.4',58),('029053-0','S60 T-5 2.3',58),('029054-8','S60 T 2.4/ 2.5',58),('029055-6','S80 T-6 Executive 2.8',58),('029056-4','S80 T-6 Executive ARM 2.8 24v',58),('029057-2','S60 T 2.0 4p',58),('029058-0','V70 T 2.0 20v 180cv 4p Aut.',58),('029059-9','XC 90 T6 2.9 BI-TB 272cv AWD 5p',58),('029060-2','S60 R 2.5 300cv Aut.',58),('029061-0','S40 T-5 2.5 220/230cv Aut.',58),('029062-9','V50 T-5 2.5 220cv Aut.',58),('029063-7','S60 R 2.5 300cv Mec.',58),('029064-5','V70 R 2.5 300cv AWD Mec.',58),('029065-3','S40 2.4 170cv Aut.',58),('029066-1','V50 2.4 20V 170cv Aut.',58),('029067-0','XC 90 2.5T 210cv AWD 5p',58),('029068-8','XC 90 4.4 V8 315cv AWD 5p',58),('029069-6','S40 2.4 140cv Aut.',58),('029070-0','S80 3.2 238cv Aut.',58),('029071-8','S80 4.4 V8 315cv AWD Aut.',58),('029072-6','C30 2.0 145cv',58),('029073-4','C30 2.4 170cv Aut',58),('029074-2','C30 T-5 2.5 220/ 230cv Aut.',58),('029075-0','C30 T-5 2.5 230cv Mec.',58),('029076-9','XC 90 3.2 238cv AWD 5p',58),('029077-7','V50 2.4 20V 140cv Aut.',58),('029078-5','XC 60 3.0 AWD 5p',58),('029079-3','XC 60 R-DESIGN 3.0 304cv AWD 5p',58),('029080-7','C30 T-5 R-DESIGN 2.5 230cv Aut.',58),('029082-3','S60 T-4 1.6 180cv 4p',58),('029083-1','S60 T-5 2.0 240cv 4p',58),('029084-0','S60 T-6 3.0 304cv AWD 4p',58),('029085-8','XC 60 2.0 T5 240cv 5p',58),('029086-6','S60 T-6 R-DESIGN 3.0 AWD 4p',58),('030001-2','Espero CD / DLX 2.0',15),('030002-0','Prince Ace 2.0',15),('030003-9','Tico',15),('030004-7','Super Salon Ace',15),('030005-5','Lanos SX 1.6 16V',15),('030006-3','Leganza CDX 2.0 16V Mec.',15),('030007-1','Nubira CDX 2.0 16V Mec.',15),('030008-0','Nubira SW CDX 2.0 16V Mec.',15),('030009-8','Lanos SX 1.6 16V Aut',15),('030010-1','Lanos Hatch SX 1.6 16V',15),('030011-0','Racer GTi 1.5 16V',15),('030012-8','Leganza CDX 2.0 16V Aut.',15),('030013-6','Nubira CDX 2.0 16V Aut.',15),('030014-4','Nubira SW CDX 2.0 16V Aut.',15),('030017-9','Espero 2.0',15),('031001-8','355 Berlinetta',20),('031002-6','355 Berlinetta F1',20),('031004-2','355 Spider F1',20),('031005-0','456 GT',20),('031006-9','456 GTA',20),('031007-7','550 Maranello',20),('031008-5','348 TS/TB 3.4',20),('031009-3','355 GTS',20),('031010-7','355 GTS F1',20),('031011-5','360 Modena',20),('031012-3','360 Modena F1',20),('031013-1','348 Spider 3.4',20),('031014-0','348 GTS 3.4',20),('031015-8','355 GTS Spider',20),('031016-6','355 GTS Targa',20),('031019-0','456 M-GT 5.5 V12',20),('031021-2','360 Spider 400cv',20),('031022-0','360 Spider F1 400cv',20),('031023-9','575M Maranello F1 V12 515cv',20),('031024-7','360 Challenge Stradale',20),('031025-5','F430 F1',20),('031026-3','612 Scaglietti F1 V12 540cv',20),('031027-1','F430 Spider F1',20),('031028-0','F599 GTB Fiorano F1 6.0 V12 620cv',20),('031029-8','F430 SCUDERIA F1',20),('031030-1','California F1 V8 460cv',20),('032001-3','Jipe Montez 4x4 CD Teto de Lona Diesel',30),('032002-1','Jipe Montez 4x4 CD Teto Rígido Diesel',30),('032003-0','Picape Montez 1.9 4x4 Diesel',30),('032004-8','Jipe Montez Std 4x4 Teto de Lona Diesel',30),('032005-6','Jipe Montez Std 4x4 Teto Rígido Diesel',30),('033001-9','Defender 110 TDI County SW Diesel',33),('033002-7','Defender 90 TDI Hard Top Diesel',33),('033003-5','Defender 90 Soft Top Diesel',33),('033004-3','Defender 110 TDI SW Diesel',33),('033005-1','Defender 90 TDI SW Diesel',33),('033006-0','Defender 90 TDI CSW Diesel',33),('033007-8','Discovery TDI 2.5 Diesel',33),('033008-6','Discovery ES 3.9 V8',33),('033009-4','Range Rover HSE 4.4/ 4.6',33),('033010-8','Defender 130 Chassis CD Diesel',33),('033011-6','Defender 130 High CAP Diesel',33),('033012-4','Defender 130 TDI CD Diesel',33),('033013-2','Defender 110 2.5 HCPU TDi CS Diesel',33),('033014-0','Defender 110 2.5 TDi Hard Top Diesel',33),('033015-9','Defender 110 2.5 TDi High Capacity Dies.',33),('033016-7','Defender 110 2.5 TDi Personel Diesel',33),('033017-5','Defender 90 2.5 TDi CS Diesel',33),('033018-3','Defender 110 2.5 TDi County Pers. Diesel',33),('033019-1','New Range/Range Rover Vogue 3.9 V8',33),('033020-5','Freelander 1.8 16v',33),('033021-3','Discovery ES 4.0 V8 Aut.',33),('033022-1','Discovery ES TD5 2.5 4x4 4p Diesel Mec.',33),('033023-0','Discovery ES TD5 2.5 4x4 4p Diesel Aut.',33),('033024-8','Freelander S/ SE 2.5 V6 24V 177cv 5p',33),('033025-6','Freelander HSE 2.5 V6 24V 177cv 5p',33),('033026-4','Freelander SE3 2.5 V6 24V 177cv 3p',33),('033027-2','Discovery3 HSE 4.4 V8 4x4 299cv Aut.',33),('033028-0','Discovery3 HSE 2.7 4x4 TDI Diesel Aut.',33),('033029-9','Discovery3 S 2.7 4x4 TDI Diesel Aut.',33),('033030-2','Discovery3 SE 4.0 V6 4x4 215cv Aut.',33),('033031-0','Range Rover SUPERCHAGED 4.2 V8 396cv',33),('033032-9','Range Rover Sport SUPERCHAGED 4.2 V8',33),('033033-7','Range Rover Sport HSE 4.4 V8 32V 295cv',33),('033034-5','Freelander HSE3 2.5 V6 24V 177cv 3p',33),('033035-3','Range Rover Sport HSE 2.7 190cv TB Dies.',33),('033036-1','Defender 110 TD5 2.5 4x4 Diesel',33),('033037-0','Discovery3 S 4.0 V6 4x4 215cv Aut.',33),('033038-8','Range Rover Sport SE 2.7 190cv TB Diesel',33),('033039-6','Range Rover Sport SE 4.4 V8 32V 299cv',33),('033040-0','Freelander2 I6 SE 3.2 232cv Aut. 5p',33),('033041-8','Freelander2 I6 S 3.2 232cv Aut. 5p',33),('033042-6','Freelander2 I6 HSE 3.2 232cv Aut. 5p',33),('033043-4','Range Rover Vogue 3.6 TDV8 272cv Diesel',33),('033044-2','Range Rover Sport 3.6 TDV8 272cv Diesel',33),('033045-0','Discovery3 SE 2.7 4x4 TDI Diesel Aut.',33),('033046-9','Range Rover Sport SE 3.6 TDV8 272cv Dies',33),('033047-7','Defender 90 2.4 122cv T.Diesel',33),('033048-5','Defender 110 2.4 122cv T.Diesel',33),('033049-3','Defender 90 SVX Lim.Edit. 2.4 T.Diesel',33),('033050-7','Defender 110 SVX Lim.Edit. 2.4 T.Diesel',33),('033051-5','Defender 90 LE FIRE & ICE 2.4 T. Diesel',33),('033052-3','Defender 110 LE FIRE & ICE 2.4 T. Diesel',33),('033053-1','Discovery4 SE 2.7 4x4 TDV6 Diesel Aut.',33),('033054-0','Range Rover Sport HSE SUPERCHAR. 5.0 8V',33),('033055-8','Range Rover Sport SE 3.0 4x4 TDV6 Dies.',33),('033056-6','Discovery4 S 2.7 4x4 TDV6 Diesel Aut.',33),('033057-4','Discovery4 HSE 2.7 4x4 TDV6 Diesel Aut.',33),('033058-2','Discovery4 SE 3.0 4x4 TDV6 Diesel Aut.',33),('033059-0','Discovery4 HSE 3.0 4x4 TDV6 Diesel Aut.',33),('033060-4','Discovery4 HSE 5.0 4x4 Aut.',33),('033061-2','Range Rover Vogue SE SUPERCHAR. 5.0 V8',33),('033062-0','Range Rover Sport HSE 3.0 TDV6  Diesel',33),('033063-9','Freelander2 I6 S Sport 3.2 232cv Aut. 5p',33),('033064-7','Range Rover Vogue 4.4 TDV8 Diesel Aut.',33),('033065-5','Freelander2 I6 LE Sport 3.2 232cv Aut. 5',33),('033066-3','Defender 90 RAW 2.4 122cv T.Diesel',33),('033067-1','Defender 110 RAW 2.4 122cv T. Diesel',33),('033068-0','Freelander2 S 2.2 SD4 190cv T.Diesel',33),('033069-8','Freelander2 SE 2.2 SD4 190cv T.Diesel',33),('033070-1','Freelander2 HSE 2.2 SD4 190cv T.Diesel',33),('033071-0','Discovery4 B&W 3.0 4x4 TDV6 Diesel Aut.',33),('033072-8','Range R.EVOQUE Pure 2.0 Aut. 3p',33),('033073-6','Range R.EVOQUE Pure  2.0 Aut. 5p',33),('033074-4','Range R.EVOQUE Prestige 2.0 Aut. 5p',33),('033075-2','Range R.EVOQUE Prestige Tech 2.0 Aut 5p',33),('033076-0','Range R.EVOQUE Dynamic 2.0 Aut 3p',33),('033077-9','Range R.EVOQUE Dynamic 2.0 Aut 5p',33),('033078-7','Range R.EVOQUE Dynamic Tech 2.0 Aut 3p',33),('033079-5','Range R.EVOQUE Dynamic Tech 2.0 Aut 5p',33),('033080-9','Discovery4 S 3.0 4X4 TDV6 Diesel Aut.',33),('034001-4','3200 GT Cupê',36),('034002-2','Quattroporte Evolucione Aut.',36),('034003-0','222 SE/SR 2.0 V6',36),('034004-9','228',36),('034005-7','430 2.0 V6',36),('034006-5','430 II 2.0 V6',36),('034007-3','Ghibli 2.0 V6',36),('034008-1','Shamal 3.2 V8',36),('034009-0','Spider IE 2.0 V6',36),('034010-3','Quattroporte Evolucione Mec.',36),('034011-1','3200 GT Cupê Aut.',36),('034012-0','Coupé CC 4.2 V8 32V 390cv',36),('034013-8','Spyder CC 4.2 V8 32V 390cv',36),('034014-6','Quattroporte Executive 4.2 32V 400cv',36),('034015-4','Quattroporte Sport 4.2 32V 400cv',36),('034016-2','GranSport 4.2 V8 32V 400cv',36),('034017-0','GranSport Spyder 4.2 V8 32V 400cv',36),('034018-9','GranTurismo 4.2 V8 32V 405cv',36),('034019-7','Quattroporte Automatica 4.2 32V 400cv',36),('034020-0','Quattroporte S 4.7 V8 32V 430cv',36),('034021-9','GranTurismo S 4.7 V8 32V',36),('034022-7','Quattroporte Sport GT-S 4.7 V8 32V 440cv',36),('034023-5','GranCabrio 4.7 V8 32V 440cv',36),('035001-0','911 Carrera Coupé',47),('035002-8','911 Carrera Coupé-4 3.4/ 3.6',47),('035003-6','911 Carrera Cabriolet 3.4/ 3.6 Mec',47),('035004-4','911 Carrera Cabriolet-4 3.4 Mec',47),('035005-2','968 Cabriolet 3.0',47),('035006-0','911 Carrera Coupé Tiptronic',47),('035007-9','911 Carrera Coupé-4 3.4/ 3.6 Tiptronic',47),('035008-7','911 Carrera Cabriolet 3.4/ 3.6 Tiptronic',47),('035009-5','911 Carrera GT3/ GT2 Street',47),('035010-9','Boxster Tiptronic',47),('035011-7','Boxster S',47),('035012-5','Boxster S Tiptronic',47),('035013-3','911 Targa 3.6',47),('035014-1','911 Turbo Coupé 3.6 / 3.8',47),('035015-0','Boxster Mec.',47),('035016-8','928 GTS 5.4 32V',47),('035017-6','968 Coupé 3.0 16V',47),('035018-4','911 Carrera Cabriolet-4 3.4 Tiptronic',47),('035019-2','911 Carrera Evo Coupé',47),('035020-6','911 Carrera Evo Cabriolet',47),('035021-4','911 Carrera Evo Coupé-4',47),('035022-2','911 Carrera Evo Cabriolet-4',47),('035023-0','911 Carrera 4S Coupé-4',47),('035024-9','Cayenne S 4.5/4.8',47),('035025-7','Cayenne Turbo 4.5/4.8 450/500cv',47),('035026-5','911 Carrera 4S Cabriolet-4 3.6/ 3.8',47),('035027-3','Cayenne V6 3.2/3.6 24V',47),('035028-1','911 Carrera S Coupé 3.8 24V',47),('035029-0','911 Turbo Cabriolet 3.6/3.8',47),('035030-3','911 Turbo S Coupé 3.6/3.8 24V',47),('035031-1','911 Turbo S Cabriolet 3.6/3.8 24V',47),('035032-0','911 Carrera S Cabriolet 3.8 24V',47),('035033-8','Cayman S 3.4',47),('035034-6','Cayman 2.7/ 2.9',47),('035035-4','Cayenne Turbo S 4.5/ 4.8 32V 521/550cv',47),('035036-2','911 Targa 4S',47),('035037-0','Cayenne GTS 4.8 405cv',47),('035038-9','Boxster S 3.4 310cv',47),('035039-7','Boxster  2.9 255cv',47),('035040-0','Panamera S 4.8 400cv',47),('035041-9','Panamera 4S 4.8 400cv',47),('035042-7','Panamera Turbo 4.8 500cv',47),('035043-5','Panamera 3.6 V6 300cv',47),('035044-3','Boxster Spyder 3.4 320cv',47),('035045-1','Cayman R 3.4 330cv',47),('035046-0','911 Carrera Coupé GTS 3.8 24V 408cv',47),('035047-8','911 Carrera Coupé Black Edition 3.6 24V',47),('035048-6','Panamera Turbo S 4.8 550cv',47),('037001-0','Hummer Hard-Top 6.5 4x4 Diesel TB',4),('037002-9','Hummer Open-Top 6.5 4x4 Diesel TB',4),('037003-7','Hummer Wagon 6.5 4x4 Diesel TB',4),('038001-6','NSX 3.0',1),('038002-4','Legend 3.2/3.5',1),('038003-2','Integra GS 1.8',1),('039001-1','Buggy 1.6',8),('039002-0','Buggy WAY Turing/ Luxo 1.6 8V 69cv',8),('040001-7','Buggy 1.6 2-Lug.',9),('040002-5','Buggy 1.6/ TST/ RS 1.6 4-Lug.',9),('041001-2','Deville/Eldorado 4.9',10),('041002-0','Seville 4.6',10),('042001-8','Javali 3.0 4x4 Diesel',11),('043001-3','Engesa 4x4 2.5/4.1',18),('043002-1','Engesa 4x4 4.0 Diesel',18),('044001-9','Camper 2.5/GL/GLS/Master 4.1',19),('044002-7','Camper GL/GLS 4x4 4.0 Diesel',19),('044003-5','Camper 4x4 2.5 Diesel',19),('044004-3','Master 4.0 Diesel',19),('045001-4','Carajas/ Tocantis/ Xavante/ Vip',24),('045002-2','Carajas Diesel',24),('045003-0','BR-800 (todos)/ Supermini',24),('046001-0','Amigo 2.3 4x2/4x4',27),('046002-8','Hombre 2 WD XS 2.2',27),('046003-6','Rodeo 3.2 V6',27),('047001-5','Elan S-2 1.6 16V',35),('047002-3','Esprit S-4 2.2 16V',35),('048001-0','Mystique GS 2.5 V6 Mec.',40),('048002-9','Sable LS 3.0 V6',40),('049001-6','Picape BG-Truck CD Turbo Diesel',42),('050001-1','Gran Voyager LE 2.5',45),('050002-0','Sundance 2.5',45),('051001-7','Trans-AM 5.7 V8',46),('051002-5','Trans-Sport SE 3.1',46),('052001-2','Mini Cooper 1.3',49),('053001-8','9000 CD 2.3 Turbo',50),('054001-3','SL-2 1.9',51),('055001-9','Musso DX 2.9 Diesel',125),('055002-7','Musso SX 2.9 Diesel',125),('055003-5','Korando GL 2.9 TB Diesel Int. 120cv',125),('055004-3','Korando GLX 2.9 TB Diesel Int. 120cv Mec',125),('055005-1','Korando GLX 2.9 TB Diesel Int. 120cv Aut',125),('055006-0','Korando Canvas 2.9 TB Diesel Int. Mec',125),('055007-8','Korando Canvas 2.9 TB Diesel Int. Aut',125),('055008-6','Musso GL 2.9 TB Diesel Int. 120cv',125),('055009-4','Musso GLX 2.9 TB Diesel Int. 120cv Mec',125),('055010-8','Musso GLX 2.9 TB Diesel Int. 120cv Aut',125),('055011-6','Musso GLS 2.9 TB Diesel Int. 120cv Aut',125),('055012-4','Musso GLS 3.2 V6 220cv 4x4 Aut.',125),('055013-2','Chairman 3.2 V6 220cv Aut.',125),('055014-0','Istana 2.9 95cv TB Diesel Int. 16Lug.',125),('055015-9','Rexton RX 290 2.9 120cv TB Int. Dies.Mec',125),('055016-7','Rexton RX 290 2.9 120cv TB Int. Dies.Aut',125),('055017-5','Rexton RX 320 3.2 V6 235cv Aut.',125),('055018-3','Musso Pick-Up LX 2.9 4x4 CD TB Int.Dies.',125),('055019-1','Musso Pick-Up GLX 2.9 4x4 CD TB Int.Dies',125),('055020-5','Rexton RX 270 2.7 165cv Xdi Diesel Aut.',125),('055021-3','Rexton II 2.7 20V 165/186cv TDI Dies.Aut',125),('055022-1','Kyron 2.7 20V 165cv TDI Dies. Aut.',125),('055023-0','Rexton II 3.2 V6 24V 220cv Aut.',125),('055024-8','ACTYON SPORTS 2.0 16V 141cv Diesel',125),('055025-6','ACTYON 2.0 16V 141cv Diesel',125),('055026-4','Kyron 2.0 16V 141cv  TDI Diesel Aut.',125),('055027-2','ACTYON 2.3 16V 150cv Aut.',125),('055028-0','Korando 2.0 16V T.Diesel AWD Mec.',125),('055029-9','Korando 2.0 16V T.Diesel AWD Aut.',125),('056001-4','RF Esport 4x4 2.0',57),('056002-2','RF Esport T-4 4x4 2.0 Cap. Lona',57),('056003-0','RF Esport T-4 4x4 2.0 Cap. Rígida',57),('056004-9','T-4 4x4 2.8 TB Int. Cap. Lona Diesel',57),('056005-7','T-4 4x4 2.8 TB Int. Cap. Rígida Diesel',57),('056006-5','T-4 4x4 3.0 TB Int. Cap. Lona Diesel',57),('056007-3','T-4 4x4 3.0 TB Int. Cap. Rígida Diesel',57),('056008-1','PANTANAL 3.0 TDI Elet. 4x2 CS Diesel',57),('056009-0','PANTANAL 3.0 TDI Elet. 4x4 CS Diesel',57),('056010-3','T-4 DESERT STORM 4x4 3.0 TB Int Diesel',57),('057001-0','GS 300 3.0 V6 24V',34),('057002-8','RX 300 3.0 V6 24V',34),('057003-6','SC 400 4.0 V8',34),('057020-6','ES-300 3.0',34),('057025-7','LS 400 4.0',34),('057026-5','LS 430 4.3 32V 281cv',34),('057027-3','ES-330 3.3 24V 228cv',34),('057028-1','ES-350 3.5 24V 284cv',34),('057029-0','LS 460 4.6 32V 347cv',34),('058001-5','Pick-Up 4x2 Curto/Longo 2.5 TDI Diesel',37),('058002-3','Pick-Up 4x4 Curto/Longo 2.5 TDI  Diesel',37),('058003-1','Pick-Up CD 4x2 Curto/Longo 2.5 TDI Dies.',37),('058004-0','Pick-Up CD 4x4 Curto/Longo 2.5 TDI Dies.',37),('059001-0','CL-244 2.8 132cv 4x4 TB Int. Diesel',14),('059002-9','CL-330 2.8 132cv 4x4 TB Int. Diesel',14),('060001-6','MARRUÁ 2.8 12V 132cv TDI Diesel',2),('060002-4','MARRUÁ AM 50 2.8 140CV TDI Diesel',2),('060003-2','MARRUÁ AM 100 2.8 140CV CS TDI Diesel',2),('060004-0','MARRUÁ AM 100 2.8 140CV CD TDI Diesel',2),('060005-9','MARRUÁ AM 150 2.8 140CV CS TDI Diesel',2),('060006-7','MARRUÁ AM 150 2.8 140CV CD TDI Diesel',2),('060007-5','MARRUÁ AM 200 2.8 140CV CS TDI Diesel',2),('060008-3','MARRUÁ AM 200 2.8 140CV CD TDI Diesel',2),('061001-1','Buggy  Walk Sport 1.6 8V 58cv',120),('062001-7','Buggy IV e V',123),('062002-5','Buggy VII',123),('063001-2','H1 1.8 20V Turbo 180cv 2p',127),('064001-8','Family 1.0 8V 53cv (Perua)',136),('064002-6','Cargo 1.0 8V 53cv (Pick-Up)',136),('064003-4','Cargo CE 1.0 8V 53cv (Pick-Up)',136),('064004-2','Cargo CD 1.0 8V 53cv (Pick-Up)',136),('064005-0','Utility 1.0 8V 53cv  (Furgão)',136),('065001-3','SCORPIO GLX SUV 2.6 TB Diesel CRDe 4WD',140),('065002-1','SCORPIO 2.6 CS/ Chassi TB Dies. CRDe 4x4',140),('065003-0','SCORPIO 2.6 CD TB Diesel CRDe 4x4',140),('066001-9','M-100 1.0 8v 5p',147),('066002-7','ULC FURGÃO 1.0 8V 5p',147),('066003-5','ULC VAN 1.0 8V 5p',147),('066004-3','ULC PICAPE 1.0 8V 2p',147),('066005-1','ULC PICAPE Longa Bau 1.0 8V 2p',147),('066006-0','ULC PICAPE Longa 1.0 8V 2p',147),('066007-8','ULC PICAPE CD 1.0 8V 4p',147),('066008-6','Start Picape L 1.0 8V 3p',147),('066009-4','Start Van 1.0 8V 4p',147),('066010-8','Start Picape CD 1.0 8V 5p',147),('066011-6','Plutus 3.2 8V 4x2 CD Turbo Diesel',147),('067001-4','Buggy Plus 1.6 8V',149),('067002-2','Buggy Vip 1.8 8V',149),('067003-0','Buggy Vip 1.6 8V Total Flex',149),('067004-9','Buggy Off Road 1.8 8V',149),('068001-0','Towner Passageiro 1.0 8V 48cv 7L 5p',152),('068002-8','Towner Furgão 1.0 8V 48cv 5p',152),('068003-6','Towner Pick-up 1.0 8V 48cv 2p',152),('068004-4','Towner Jr. Pick-up 1.0 8V 48cv  CS 2p',152),('068005-2','Towner Jr. Pick-up 1.0 8V 48cv  CD 4p',152),('068006-0','Towner Pick_up Baú 1.0 8V 48cv 2p',152),('068007-9','Towner Jr. Pick-up Baú 1.0 8V 48cv 2p',152),('068008-7','Towner Jr. Pick-up Baú 1.0 8V 48cv CD 4p',152),('069001-5','HOVER CUV 2.4 16V 5p Mec.',153),('069002-3','HOVER CUV 2.4 16V 4WD 5p Mec.',153),('070001-0','TOPIC FURGAO L 2.2 8V/ 2.0 16V 4p',154),('070002-9','TOPIC VAN L 2.2 8V/ 2.0 16V 4p',154),('070003-7','TOPIC VAN SL 2.2 8V/ 2.0 16V 4p',154),('070004-5','TOPIC ESCOLAR L 2.2 8V/ 2.0 16V 4p',154),('070005-3','TOPIC ESCOLAR SL 2.2 8V/ 2.0 16V 4p',154),('070006-1','TOPIC VAN STD 2.0 16V 4p',154),('071001-6','COOPER 1.6 Mec.',156),('071002-4','COOPER 1.6 Aut.',156),('071003-2','COOPER S 1.6 Aut.',156),('071004-0','COOPER S Clubman 1.6 Aut.',156),('071005-9','COOPER CABRIO 1.6 Aut.',156),('071006-7','COOPER CABRIO S 1.6 Aut.',156),('071007-5','COOPER Countryman S ALL4 1.6 Aut.',156),('071008-3','COOPER Jonh Works 1.6',156),('071009-1','COOPER Countryman S 1.6 Aut.',156),('071010-5','COOPER Countryman 1.6 Aut.',156),('071011-3','ONE 1.6  Mec.',156),('071012-1','COOPER CABRIO Jonh Works 1.6  Mec.',156),('071013-0','COOPER COUPÉ 1.6 Aut.',156),('071014-8','COOPER COUPÉ S 1.6 Aut.',156),('071015-6','COOPER Clubman 1.6 Aut.',156),('071016-4','ONE 1.6 Aut.',156),('072001-1','fortwo passion coupé 1.0 62kw',157),('072002-0','fortwo passion cabrio 1.0 62kw',157),('072003-8','fortwo BRABUS coupé 1.0 72kw',157),('072004-6','fortwo coupé/Brasil.Edition 1.0 mhd 71cv',157),('072005-4','fortwo BRABUS cabrio 1.0 72kw',157),('073001-7','Tiggo 2.0 16V 135cv  5p',161),('073002-5','Face 1.3 16V/1.3 16v Flex.Mec',161),('073003-3','CIELO 1.6 16V 119cv  5p',161),('073004-1','CIELO Sedan 1.6 16V 119cv  5p',161),('073005-0','QQ 1.1 16V 68cv 5p',161),('073006-8','S-18 1.3 16V Mec.Flex 5p',161),('074001-2','Way 1.6 Total Flex 8V Mec.',163),('074002-0','Way 1.8 Total Flex 8V Mec.',163),('075001-8','Stark 2.3 4WD 127cv TDI Diesel 3p',165),('076001-3','550 1.8 16V Turbo 170cv Aut.',167),('076002-1','MG6 1.8 16V Turbo 170cv Aut.',167),('077001-9','320 ELITE 1.3 16V 88cv 5p',168),('077002-7','620 TALENT 1.6 16V 106cv 4p',168),('078001-4','Gallardo Coupe LP560-4',171),('078002-2','Gallardo Spider LP560-4',171),('078003-0','Gallardo Coupe Valentino Balboni LP550-2',171),('078004-9','Gallardo Coupe Superleggera LP570-4',171),('078005-7','Gallardo Spyder Performante LP570-4',171),('079001-0','Buggy 2000W 1.8 8V',170),('080001-5','J3 1.4 16V 5p Mec.',177),('080002-3','J3 turin Sedan 1.4 16V 4p Mec.',177),('080003-1','J6 2.0 16V 5p Mec.',177),('080004-0','J3 Brasil1.4 16V 5p Mec.',177),('080005-8','J3 turin Sedan Brasil 1.4 16V 4p Mec.',177),('080006-6','J5 Sedan 1.5 16V 4p Mec.',177),('081001-0','MINI STAR CS 1.0 8V 53cv (Pick-Up)',182),('081002-9','MINI STAR CSB 1.0 8V 53cv (Pick-Up Báu)',182),('081003-7','MINI STAR CE 1.0 8V 53cv (Pick-Up)',182),('081004-5','MINI STAR CD 1.0 8V 53cv (Pick-Up)',182),('081005-3','MINI STAR Utility 1.0 8V 53cv (Furgão)',182),('081006-1','MINI STAR Family 1.0 8V 53cv (MiniVan)',182);
/*!40000 ALTER TABLE `modelos` ENABLE KEYS */;
UNLOCK TABLES;

--
-- Table structure for table `password_changes`
--

DROP TABLE IF EXISTS `password_changes`;
/*!40101 SET @saved_cs_client     = @@character_set_client */;
/*!40101 SET character_set_client = utf8 */;
CREATE TABLE `password_changes` (
  `id` int(10) unsigned NOT NULL AUTO_INCREMENT,
  `usersId` int(10) unsigned NOT NULL,
  `ipAddress` char(15) NOT NULL,
  `userAgent` varchar(48) NOT NULL,
  `createdAt` int(10) unsigned NOT NULL,
  PRIMARY KEY (`id`),
  KEY `usersId` (`usersId`)
) ENGINE=InnoDB DEFAULT CHARSET=utf8;
/*!40101 SET character_set_client = @saved_cs_client */;

--
-- Dumping data for table `password_changes`
--

LOCK TABLES `password_changes` WRITE;
/*!40000 ALTER TABLE `password_changes` DISABLE KEYS */;
/*!40000 ALTER TABLE `password_changes` ENABLE KEYS */;
UNLOCK TABLES;

--
-- Table structure for table `permissions`
--

DROP TABLE IF EXISTS `permissions`;
/*!40101 SET @saved_cs_client     = @@character_set_client */;
/*!40101 SET character_set_client = utf8 */;
CREATE TABLE `permissions` (
  `id` int(10) unsigned NOT NULL AUTO_INCREMENT,
  `profilesId` int(10) unsigned NOT NULL,
  `resource` varchar(26) NOT NULL,
  `action` varchar(16) NOT NULL,
  PRIMARY KEY (`id`),
  KEY `profilesId` (`profilesId`)
) ENGINE=InnoDB AUTO_INCREMENT=1414 DEFAULT CHARSET=utf8;
/*!40101 SET character_set_client = @saved_cs_client */;

--
-- Dumping data for table `permissions`
--

LOCK TABLES `permissions` WRITE;
/*!40000 ALTER TABLE `permissions` DISABLE KEYS */;
INSERT INTO `permissions` VALUES (1180,2,'agenda_cli','index'),(1181,2,'agenda_cli','search'),(1182,2,'agenda_cli','new'),(1183,2,'agenda_cli','edit'),(1184,2,'agenda_cli','create'),(1185,2,'agenda_cli','save'),(1186,2,'agenda_cli','delete'),(1187,2,'clientes_moradas_cli','index'),(1188,2,'clientes_moradas_cli','search'),(1189,2,'clientes_moradas_cli','new'),(1190,2,'clientes_moradas_cli','edit'),(1191,2,'clientes_moradas_cli','create'),(1192,2,'clientes_moradas_cli','save'),(1193,2,'clientes_moradas_cli','delete'),(1194,2,'manutencoes_cli','index'),(1195,2,'manutencoes_cli','search'),(1196,2,'veiculos_cli','index'),(1197,2,'veiculos_cli','search'),(1198,2,'veiculos_cli','new'),(1199,2,'veiculos_cli','edit'),(1200,2,'veiculos_cli','create'),(1201,2,'veiculos_cli','save'),(1202,2,'veiculos_cli','delete'),(1203,2,'users','changePassword'),(1228,1,'agenda','index'),(1229,1,'clientes','index'),(1230,1,'clientes','search'),(1231,1,'clientes','new'),(1232,1,'clientes','edit'),(1233,1,'clientes','create'),(1234,1,'clientes','save'),(1235,1,'clientes','delete'),(1236,1,'clientes_moradas','index'),(1237,1,'clientes_moradas','search'),(1238,1,'clientes_moradas','new'),(1239,1,'clientes_moradas','edit'),(1240,1,'clientes_moradas','create'),(1241,1,'clientes_moradas','save'),(1242,1,'clientes_moradas','delete'),(1243,1,'clientes_veiculos','index'),(1244,1,'clientes_veiculos','search'),(1245,1,'clientes_veiculos','new'),(1246,1,'clientes_veiculos','edit'),(1247,1,'clientes_veiculos','create'),(1248,1,'clientes_veiculos','save'),(1249,1,'clientes_veiculos','delete'),(1250,1,'intervencoes','index'),(1251,1,'intervencoes','search'),(1252,1,'intervencoes','new'),(1253,1,'intervencoes','edit'),(1254,1,'intervencoes','create'),(1255,1,'intervencoes','save'),(1256,1,'intervencoes','delete'),(1257,1,'intervencoes_tipos','index'),(1258,1,'intervencoes_tipos','search'),(1259,1,'intervencoes_tipos','new'),(1260,1,'intervencoes_tipos','edit'),(1261,1,'intervencoes_tipos','create'),(1262,1,'intervencoes_tipos','save'),(1263,1,'intervencoes_tipos','delete'),(1264,1,'manutencoes','index'),(1265,1,'manutencoes','search'),(1266,1,'manutencoes','new'),(1267,1,'manutencoes','newFromAgenda'),(1268,1,'manutencoes','edit'),(1269,1,'manutencoes','create'),(1270,1,'manutencoes','save'),(1271,1,'manutencoes','delete'),(1272,1,'manutencoes_agendadas','index'),(1273,1,'manutencoes_agendadas','search'),(1274,1,'manutencoes_agendadas','new'),(1275,1,'manutencoes_agendadas','edit'),(1276,1,'manutencoes_agendadas','create'),(1277,1,'manutencoes_agendadas','save'),(1278,1,'manutencoes_agendadas','delete'),(1279,1,'marcas','index'),(1280,1,'marcas','search'),(1281,1,'marcas','new'),(1282,1,'marcas','edit'),(1283,1,'marcas','create'),(1284,1,'marcas','save'),(1285,1,'marcas','delete'),(1286,1,'mensagens','index'),(1287,1,'mensagens','ler'),(1288,1,'modelos','index'),(1289,1,'modelos','search'),(1290,1,'modelos','new'),(1291,1,'modelos','edit'),(1292,1,'modelos','create'),(1293,1,'modelos','save'),(1294,1,'modelos','delete'),(1295,1,'permissions','index'),(1296,1,'profiles','index'),(1297,1,'profiles','search'),(1298,1,'profiles','edit'),(1299,1,'profiles','create'),(1300,1,'profiles','delete'),(1301,1,'veiculos','index'),(1302,1,'veiculos','search'),(1303,1,'veiculos','new'),(1304,1,'veiculos','edit'),(1305,1,'veiculos','create'),(1306,1,'veiculos','save'),(1307,1,'veiculos','delete'),(1308,1,'users','index'),(1309,1,'users','search'),(1310,1,'users','edit'),(1311,1,'users','create'),(1312,1,'users','delete'),(1313,1,'users','changePassword'),(1413,3,'users','changePassword');
/*!40000 ALTER TABLE `permissions` ENABLE KEYS */;
UNLOCK TABLES;

--
-- Table structure for table `profiles`
--

DROP TABLE IF EXISTS `profiles`;
/*!40101 SET @saved_cs_client     = @@character_set_client */;
/*!40101 SET character_set_client = utf8 */;
CREATE TABLE `profiles` (
  `id` int(10) unsigned NOT NULL AUTO_INCREMENT,
  `name` varchar(64) NOT NULL,
  `active` char(1) NOT NULL,
  PRIMARY KEY (`id`),
  KEY `active` (`active`)
) ENGINE=InnoDB AUTO_INCREMENT=4 DEFAULT CHARSET=utf8;
/*!40101 SET character_set_client = @saved_cs_client */;

--
-- Dumping data for table `profiles`
--

LOCK TABLES `profiles` WRITE;
/*!40000 ALTER TABLE `profiles` DISABLE KEYS */;
INSERT INTO `profiles` VALUES (1,'Administratores','Y'),(2,'Utilizadores','Y'),(3,'Demonstração','Y');
/*!40000 ALTER TABLE `profiles` ENABLE KEYS */;
UNLOCK TABLES;

--
-- Table structure for table `remember_tokens`
--

DROP TABLE IF EXISTS `remember_tokens`;
/*!40101 SET @saved_cs_client     = @@character_set_client */;
/*!40101 SET character_set_client = utf8 */;
CREATE TABLE `remember_tokens` (
  `id` int(10) unsigned NOT NULL AUTO_INCREMENT,
  `usersId` int(10) unsigned NOT NULL,
  `token` char(32) NOT NULL,
  `userAgent` varchar(120) NOT NULL,
  `createdAt` int(10) unsigned NOT NULL,
  PRIMARY KEY (`id`),
  KEY `token` (`token`)
) ENGINE=InnoDB DEFAULT CHARSET=utf8;
/*!40101 SET character_set_client = @saved_cs_client */;

--
-- Dumping data for table `remember_tokens`
--

LOCK TABLES `remember_tokens` WRITE;
/*!40000 ALTER TABLE `remember_tokens` DISABLE KEYS */;
/*!40000 ALTER TABLE `remember_tokens` ENABLE KEYS */;
UNLOCK TABLES;

--
-- Table structure for table `reset_passwords`
--

DROP TABLE IF EXISTS `reset_passwords`;
/*!40101 SET @saved_cs_client     = @@character_set_client */;
/*!40101 SET character_set_client = utf8 */;
CREATE TABLE `reset_passwords` (
  `id` int(10) unsigned NOT NULL AUTO_INCREMENT,
  `usersId` int(10) unsigned NOT NULL,
  `code` varchar(48) NOT NULL,
  `createdAt` int(10) unsigned NOT NULL,
  `modifiedAt` int(10) unsigned DEFAULT NULL,
  `reset` char(1) NOT NULL,
  PRIMARY KEY (`id`),
  KEY `usersId` (`usersId`)
) ENGINE=InnoDB DEFAULT CHARSET=utf8;
/*!40101 SET character_set_client = @saved_cs_client */;

--
-- Dumping data for table `reset_passwords`
--

LOCK TABLES `reset_passwords` WRITE;
/*!40000 ALTER TABLE `reset_passwords` DISABLE KEYS */;
/*!40000 ALTER TABLE `reset_passwords` ENABLE KEYS */;
UNLOCK TABLES;

--
-- Table structure for table `success_logins`
--

DROP TABLE IF EXISTS `success_logins`;
/*!40101 SET @saved_cs_client     = @@character_set_client */;
/*!40101 SET character_set_client = utf8 */;
CREATE TABLE `success_logins` (
  `id` int(10) unsigned NOT NULL AUTO_INCREMENT,
  `usersId` int(10) unsigned NOT NULL,
  `ipAddress` char(15) NOT NULL,
  `userAgent` varchar(120) NOT NULL,
  PRIMARY KEY (`id`),
  KEY `usersId` (`usersId`)
) ENGINE=InnoDB AUTO_INCREMENT=116 DEFAULT CHARSET=utf8;
/*!40101 SET character_set_client = @saved_cs_client */;

--
-- Dumping data for table `success_logins`
--

LOCK TABLES `success_logins` WRITE;
/*!40000 ALTER TABLE `success_logins` DISABLE KEYS */;
INSERT INTO `success_logins` VALUES (1,5,'127.0.0.1','Mozilla/5.0 (X11; Linux x86_64) AppleWebKit/537.36 (KHTML, like Gecko) Ubuntu Chromium/49.0.2623.108 Chrome/49.0.2623.10'),(2,5,'127.0.0.1','Mozilla/5.0 (X11; Linux x86_64) AppleWebKit/537.36 (KHTML, like Gecko) Ubuntu Chromium/49.0.2623.108 Chrome/49.0.2623.10'),(3,5,'127.0.0.1','Mozilla/5.0 (X11; Linux x86_64) AppleWebKit/537.36 (KHTML, like Gecko) Ubuntu Chromium/49.0.2623.108 Chrome/49.0.2623.10'),(4,5,'127.0.0.1','Mozilla/5.0 (X11; Linux x86_64) AppleWebKit/537.36 (KHTML, like Gecko) Ubuntu Chromium/49.0.2623.108 Chrome/49.0.2623.10'),(5,5,'127.0.0.1','Mozilla/5.0 (X11; Linux x86_64) AppleWebKit/537.36 (KHTML, like Gecko) Ubuntu Chromium/49.0.2623.108 Chrome/49.0.2623.10'),(6,5,'127.0.0.1','Mozilla/5.0 (X11; Linux x86_64) AppleWebKit/537.36 (KHTML, like Gecko) Ubuntu Chromium/49.0.2623.108 Chrome/49.0.2623.10'),(7,5,'127.0.0.1','Mozilla/5.0 (X11; Linux x86_64) AppleWebKit/537.36 (KHTML, like Gecko) Ubuntu Chromium/49.0.2623.108 Chrome/49.0.2623.10'),(8,5,'127.0.0.1','Mozilla/5.0 (X11; Linux x86_64) AppleWebKit/537.36 (KHTML, like Gecko) Ubuntu Chromium/49.0.2623.108 Chrome/49.0.2623.10'),(9,5,'127.0.0.1','Mozilla/5.0 (X11; Linux x86_64) AppleWebKit/537.36 (KHTML, like Gecko) Ubuntu Chromium/49.0.2623.108 Chrome/49.0.2623.10'),(10,5,'127.0.0.1','Mozilla/5.0 (X11; Linux x86_64) AppleWebKit/537.36 (KHTML, like Gecko) Ubuntu Chromium/49.0.2623.108 Chrome/49.0.2623.10'),(11,5,'127.0.0.1','Mozilla/5.0 (X11; Linux x86_64) AppleWebKit/537.36 (KHTML, like Gecko) Ubuntu Chromium/49.0.2623.108 Chrome/49.0.2623.10'),(12,5,'127.0.0.1','Mozilla/5.0 (X11; Linux x86_64) AppleWebKit/537.36 (KHTML, like Gecko) Ubuntu Chromium/49.0.2623.108 Chrome/49.0.2623.10'),(13,5,'127.0.0.1','Mozilla/5.0 (X11; Linux x86_64) AppleWebKit/537.36 (KHTML, like Gecko) Ubuntu Chromium/49.0.2623.108 Chrome/49.0.2623.10'),(14,5,'127.0.0.1','Mozilla/5.0 (X11; Linux x86_64) AppleWebKit/537.36 (KHTML, like Gecko) Ubuntu Chromium/49.0.2623.108 Chrome/49.0.2623.10'),(15,5,'127.0.0.1','Mozilla/5.0 (X11; Linux x86_64) AppleWebKit/537.36 (KHTML, like Gecko) Ubuntu Chromium/49.0.2623.108 Chrome/49.0.2623.10'),(16,5,'127.0.0.1','Mozilla/5.0 (X11; Linux x86_64) AppleWebKit/537.36 (KHTML, like Gecko) Ubuntu Chromium/49.0.2623.108 Chrome/49.0.2623.10'),(17,5,'127.0.0.1','Mozilla/5.0 (X11; Linux x86_64) AppleWebKit/537.36 (KHTML, like Gecko) Ubuntu Chromium/49.0.2623.108 Chrome/49.0.2623.10'),(18,5,'127.0.0.1','Mozilla/5.0 (X11; Linux x86_64) AppleWebKit/537.36 (KHTML, like Gecko) Ubuntu Chromium/49.0.2623.108 Chrome/49.0.2623.10'),(19,5,'127.0.0.1','Mozilla/5.0 (X11; Linux x86_64) AppleWebKit/537.36 (KHTML, like Gecko) Ubuntu Chromium/49.0.2623.108 Chrome/49.0.2623.10'),(20,5,'127.0.0.1','Mozilla/5.0 (X11; Linux x86_64) AppleWebKit/537.36 (KHTML, like Gecko) Ubuntu Chromium/49.0.2623.108 Chrome/49.0.2623.10'),(21,5,'127.0.0.1','Mozilla/5.0 (X11; Linux x86_64) AppleWebKit/537.36 (KHTML, like Gecko) Ubuntu Chromium/49.0.2623.108 Chrome/49.0.2623.10'),(22,5,'127.0.0.1','Mozilla/5.0 (X11; Linux x86_64) AppleWebKit/537.36 (KHTML, like Gecko) Ubuntu Chromium/49.0.2623.108 Chrome/49.0.2623.10'),(23,5,'127.0.0.1','Mozilla/5.0 (X11; Linux x86_64) AppleWebKit/537.36 (KHTML, like Gecko) Ubuntu Chromium/49.0.2623.108 Chrome/49.0.2623.10'),(24,5,'127.0.0.1','Mozilla/5.0 (X11; Linux x86_64) AppleWebKit/537.36 (KHTML, like Gecko) Ubuntu Chromium/49.0.2623.108 Chrome/49.0.2623.10'),(25,5,'127.0.0.1','Mozilla/5.0 (X11; Linux x86_64) AppleWebKit/537.36 (KHTML, like Gecko) Ubuntu Chromium/49.0.2623.108 Chrome/49.0.2623.10'),(26,5,'127.0.0.1','Mozilla/5.0 (X11; Linux x86_64) AppleWebKit/537.36 (KHTML, like Gecko) Ubuntu Chromium/49.0.2623.108 Chrome/49.0.2623.10'),(27,5,'127.0.0.1','Mozilla/5.0 (X11; Linux x86_64) AppleWebKit/537.36 (KHTML, like Gecko) Ubuntu Chromium/49.0.2623.108 Chrome/49.0.2623.10'),(28,5,'127.0.0.1','Mozilla/5.0 (X11; Linux x86_64) AppleWebKit/537.36 (KHTML, like Gecko) Ubuntu Chromium/49.0.2623.108 Chrome/49.0.2623.10'),(29,5,'127.0.0.1','Mozilla/5.0 (X11; Linux x86_64) AppleWebKit/537.36 (KHTML, like Gecko) Ubuntu Chromium/49.0.2623.108 Chrome/49.0.2623.10'),(30,5,'127.0.0.1','Mozilla/5.0 (X11; Linux x86_64) AppleWebKit/537.36 (KHTML, like Gecko) Ubuntu Chromium/49.0.2623.108 Chrome/49.0.2623.10'),(31,5,'127.0.0.1','Mozilla/5.0 (X11; Linux x86_64) AppleWebKit/537.36 (KHTML, like Gecko) Ubuntu Chromium/49.0.2623.108 Chrome/49.0.2623.10'),(32,5,'127.0.0.1','Mozilla/5.0 (X11; Linux x86_64) AppleWebKit/537.36 (KHTML, like Gecko) Ubuntu Chromium/49.0.2623.108 Chrome/49.0.2623.10'),(33,5,'127.0.0.1','Mozilla/5.0 (X11; Linux x86_64) AppleWebKit/537.36 (KHTML, like Gecko) Ubuntu Chromium/49.0.2623.108 Chrome/49.0.2623.10'),(34,5,'127.0.0.1','Mozilla/5.0 (X11; Linux x86_64) AppleWebKit/537.36 (KHTML, like Gecko) Ubuntu Chromium/49.0.2623.108 Chrome/49.0.2623.10'),(35,5,'127.0.0.1','Mozilla/5.0 (X11; Linux x86_64) AppleWebKit/537.36 (KHTML, like Gecko) Ubuntu Chromium/49.0.2623.108 Chrome/49.0.2623.10'),(36,5,'127.0.0.1','Mozilla/5.0 (X11; Linux x86_64) AppleWebKit/537.36 (KHTML, like Gecko) Ubuntu Chromium/49.0.2623.108 Chrome/49.0.2623.10'),(37,5,'127.0.0.1','Mozilla/5.0 (X11; Linux x86_64) AppleWebKit/537.36 (KHTML, like Gecko) Ubuntu Chromium/49.0.2623.108 Chrome/49.0.2623.10'),(38,5,'127.0.0.1','Mozilla/5.0 (X11; Linux x86_64) AppleWebKit/537.36 (KHTML, like Gecko) Ubuntu Chromium/49.0.2623.108 Chrome/49.0.2623.10'),(39,5,'127.0.0.1','Mozilla/5.0 (X11; Linux x86_64) AppleWebKit/537.36 (KHTML, like Gecko) Ubuntu Chromium/49.0.2623.108 Chrome/49.0.2623.10'),(40,5,'127.0.0.1','Mozilla/5.0 (X11; Linux x86_64) AppleWebKit/537.36 (KHTML, like Gecko) Ubuntu Chromium/49.0.2623.108 Chrome/49.0.2623.10'),(41,5,'127.0.0.1','Mozilla/5.0 (X11; Linux x86_64) AppleWebKit/537.36 (KHTML, like Gecko) Ubuntu Chromium/49.0.2623.108 Chrome/49.0.2623.10'),(42,5,'127.0.0.1','Mozilla/5.0 (X11; Linux x86_64) AppleWebKit/537.36 (KHTML, like Gecko) Ubuntu Chromium/49.0.2623.108 Chrome/49.0.2623.10'),(43,5,'127.0.0.1','Mozilla/5.0 (X11; Linux x86_64) AppleWebKit/537.36 (KHTML, like Gecko) Ubuntu Chromium/49.0.2623.108 Chrome/49.0.2623.10'),(44,5,'127.0.0.1','Mozilla/5.0 (X11; Linux x86_64) AppleWebKit/537.36 (KHTML, like Gecko) Ubuntu Chromium/49.0.2623.108 Chrome/49.0.2623.10'),(45,5,'127.0.0.1','Mozilla/5.0 (X11; Linux x86_64) AppleWebKit/537.36 (KHTML, like Gecko) Ubuntu Chromium/49.0.2623.108 Chrome/49.0.2623.10'),(46,5,'127.0.0.1','Mozilla/5.0 (X11; Linux x86_64) AppleWebKit/537.36 (KHTML, like Gecko) Ubuntu Chromium/49.0.2623.108 Chrome/49.0.2623.10'),(47,5,'127.0.0.1','Mozilla/5.0 (X11; Linux x86_64) AppleWebKit/537.36 (KHTML, like Gecko) Ubuntu Chromium/49.0.2623.108 Chrome/49.0.2623.10'),(48,5,'127.0.0.1','Mozilla/5.0 (X11; Linux x86_64) AppleWebKit/537.36 (KHTML, like Gecko) Ubuntu Chromium/49.0.2623.108 Chrome/49.0.2623.10'),(49,5,'127.0.0.1','Mozilla/5.0 (X11; Linux x86_64) AppleWebKit/537.36 (KHTML, like Gecko) Ubuntu Chromium/49.0.2623.108 Chrome/49.0.2623.10'),(50,5,'127.0.0.1','Mozilla/5.0 (X11; Linux x86_64) AppleWebKit/537.36 (KHTML, like Gecko) Ubuntu Chromium/49.0.2623.108 Chrome/49.0.2623.10'),(51,5,'127.0.0.1','Mozilla/5.0 (X11; Linux x86_64) AppleWebKit/537.36 (KHTML, like Gecko) Ubuntu Chromium/49.0.2623.108 Chrome/49.0.2623.10'),(52,5,'127.0.0.1','Mozilla/5.0 (X11; Linux x86_64) AppleWebKit/537.36 (KHTML, like Gecko) Ubuntu Chromium/49.0.2623.108 Chrome/49.0.2623.10'),(53,4,'127.0.0.1','Mozilla/5.0 (X11; Linux x86_64) AppleWebKit/537.36 (KHTML, like Gecko) Ubuntu Chromium/49.0.2623.108 Chrome/49.0.2623.10'),(54,4,'127.0.0.1','Mozilla/5.0 (X11; Linux x86_64) AppleWebKit/537.36 (KHTML, like Gecko) Ubuntu Chromium/49.0.2623.108 Chrome/49.0.2623.10'),(55,5,'127.0.0.1','Mozilla/5.0 (X11; Linux x86_64) AppleWebKit/537.36 (KHTML, like Gecko) Ubuntu Chromium/49.0.2623.108 Chrome/49.0.2623.10'),(56,4,'127.0.0.1','Mozilla/5.0 (X11; Linux x86_64) AppleWebKit/537.36 (KHTML, like Gecko) Ubuntu Chromium/49.0.2623.108 Chrome/49.0.2623.10'),(57,4,'127.0.0.1','Mozilla/5.0 (iPhone; CPU iPhone OS 9_1 like Mac OS X) AppleWebKit/601.1.46 (KHTML, like Gecko) Version/9.0 Mobile/13B143'),(58,5,'127.0.0.1','Mozilla/5.0 (X11; Linux x86_64) AppleWebKit/537.36 (KHTML, like Gecko) Ubuntu Chromium/49.0.2623.108 Chrome/49.0.2623.10'),(59,5,'127.0.0.1','Mozilla/5.0 (X11; Linux x86_64) AppleWebKit/537.36 (KHTML, like Gecko) Ubuntu Chromium/49.0.2623.108 Chrome/49.0.2623.10'),(60,4,'127.0.0.1','Mozilla/5.0 (X11; Linux x86_64) AppleWebKit/537.36 (KHTML, like Gecko) Ubuntu Chromium/49.0.2623.108 Chrome/49.0.2623.10'),(61,4,'127.0.0.1','Mozilla/5.0 (X11; Linux x86_64) AppleWebKit/537.36 (KHTML, like Gecko) Ubuntu Chromium/49.0.2623.108 Chrome/49.0.2623.10'),(62,4,'127.0.0.1','Mozilla/5.0 (iPhone; CPU iPhone OS 9_1 like Mac OS X) AppleWebKit/601.1.46 (KHTML, like Gecko) Version/9.0 Mobile/13B143'),(63,4,'127.0.0.1','Mozilla/5.0 (X11; Linux x86_64) AppleWebKit/537.36 (KHTML, like Gecko) Ubuntu Chromium/49.0.2623.108 Chrome/49.0.2623.10'),(64,5,'127.0.0.1','Mozilla/5.0 (X11; Linux x86_64) AppleWebKit/537.36 (KHTML, like Gecko) Ubuntu Chromium/49.0.2623.108 Chrome/49.0.2623.10'),(65,4,'127.0.0.1','Mozilla/5.0 (X11; Linux x86_64) AppleWebKit/537.36 (KHTML, like Gecko) Ubuntu Chromium/49.0.2623.108 Chrome/49.0.2623.10'),(66,4,'127.0.0.1','Mozilla/5.0 (X11; Linux x86_64) AppleWebKit/537.36 (KHTML, like Gecko) Ubuntu Chromium/49.0.2623.108 Chrome/49.0.2623.10'),(67,5,'127.0.0.1','Mozilla/5.0 (X11; Linux x86_64) AppleWebKit/537.36 (KHTML, like Gecko) Ubuntu Chromium/49.0.2623.108 Chrome/49.0.2623.10'),(68,4,'127.0.0.1','Mozilla/5.0 (X11; Linux x86_64) AppleWebKit/537.36 (KHTML, like Gecko) Ubuntu Chromium/49.0.2623.108 Chrome/49.0.2623.10'),(69,4,'127.0.0.1','Mozilla/5.0 (X11; Linux x86_64) AppleWebKit/537.36 (KHTML, like Gecko) Ubuntu Chromium/49.0.2623.108 Chrome/49.0.2623.10'),(70,4,'127.0.0.1','Mozilla/5.0 (Linux; Android 5.1.1; Nexus 6 Build/LYZ28E) AppleWebKit/537.36 (KHTML, like Gecko) Chrome/48.0.2564.23 Mobi'),(71,4,'127.0.0.1','Mozilla/5.0 (X11; Linux x86_64) AppleWebKit/537.36 (KHTML, like Gecko) Ubuntu Chromium/49.0.2623.108 Chrome/49.0.2623.10'),(72,4,'127.0.0.1','Mozilla/5.0 (Linux; Android 5.1.1; Nexus 6 Build/LYZ28E) AppleWebKit/537.36 (KHTML, like Gecko) Chrome/48.0.2564.23 Mobi'),(73,4,'127.0.0.1','Mozilla/5.0 (Linux; Android 5.1.1; Nexus 6 Build/LYZ28E) AppleWebKit/537.36 (KHTML, like Gecko) Chrome/48.0.2564.23 Mobi'),(74,5,'127.0.0.1','Mozilla/5.0 (X11; Linux x86_64) AppleWebKit/537.36 (KHTML, like Gecko) Ubuntu Chromium/49.0.2623.108 Chrome/49.0.2623.10'),(75,4,'127.0.0.1','Mozilla/5.0 (X11; Linux x86_64) AppleWebKit/537.36 (KHTML, like Gecko) Ubuntu Chromium/49.0.2623.108 Chrome/49.0.2623.10'),(76,4,'127.0.0.1','Mozilla/5.0 (iPhone; CPU iPhone OS 9_1 like Mac OS X) AppleWebKit/601.1.46 (KHTML, like Gecko) Version/9.0 Mobile/13B143'),(77,4,'127.0.0.1','Mozilla/5.0 (iPhone; CPU iPhone OS 9_1 like Mac OS X) AppleWebKit/601.1.46 (KHTML, like Gecko) Version/9.0 Mobile/13B143'),(78,4,'127.0.0.1','Mozilla/5.0 (X11; Linux x86_64) AppleWebKit/537.36 (KHTML, like Gecko) Ubuntu Chromium/49.0.2623.108 Chrome/49.0.2623.10'),(79,4,'127.0.0.1','Mozilla/5.0 (X11; Linux x86_64) AppleWebKit/537.36 (KHTML, like Gecko) Ubuntu Chromium/49.0.2623.108 Chrome/49.0.2623.10'),(80,5,'127.0.0.1','Mozilla/5.0 (X11; Linux x86_64) AppleWebKit/537.36 (KHTML, like Gecko) Ubuntu Chromium/49.0.2623.108 Chrome/49.0.2623.10'),(81,5,'127.0.0.1','Mozilla/5.0 (X11; Linux x86_64) AppleWebKit/537.36 (KHTML, like Gecko) Ubuntu Chromium/49.0.2623.108 Chrome/49.0.2623.10'),(82,4,'127.0.0.1','Mozilla/5.0 (X11; Linux x86_64) AppleWebKit/537.36 (KHTML, like Gecko) Ubuntu Chromium/49.0.2623.108 Chrome/49.0.2623.10'),(83,4,'127.0.0.1','Mozilla/5.0 (X11; Linux x86_64) AppleWebKit/537.36 (KHTML, like Gecko) Ubuntu Chromium/49.0.2623.108 Chrome/49.0.2623.10'),(84,5,'127.0.0.1','Mozilla/5.0 (X11; Linux x86_64) AppleWebKit/537.36 (KHTML, like Gecko) Ubuntu Chromium/49.0.2623.108 Chrome/49.0.2623.10'),(85,5,'127.0.0.1','Mozilla/5.0 (X11; Linux x86_64) AppleWebKit/537.36 (KHTML, like Gecko) Ubuntu Chromium/49.0.2623.108 Chrome/49.0.2623.10'),(86,5,'127.0.0.1','Mozilla/5.0 (X11; Linux x86_64) AppleWebKit/537.36 (KHTML, like Gecko) Ubuntu Chromium/49.0.2623.108 Chrome/49.0.2623.10'),(87,4,'127.0.0.1','Mozilla/5.0 (X11; Linux x86_64) AppleWebKit/537.36 (KHTML, like Gecko) Ubuntu Chromium/49.0.2623.108 Chrome/49.0.2623.10'),(88,5,'127.0.0.1','Mozilla/5.0 (X11; Linux x86_64) AppleWebKit/537.36 (KHTML, like Gecko) Ubuntu Chromium/49.0.2623.108 Chrome/49.0.2623.10'),(89,5,'127.0.0.1','Mozilla/5.0 (X11; Linux x86_64) AppleWebKit/537.36 (KHTML, like Gecko) Ubuntu Chromium/49.0.2623.108 Chrome/49.0.2623.10'),(90,4,'127.0.0.1','Mozilla/5.0 (X11; Linux x86_64) AppleWebKit/537.36 (KHTML, like Gecko) Ubuntu Chromium/49.0.2623.108 Chrome/49.0.2623.10'),(91,5,'127.0.0.1','Mozilla/5.0 (X11; Linux x86_64) AppleWebKit/537.36 (KHTML, like Gecko) Ubuntu Chromium/49.0.2623.108 Chrome/49.0.2623.10'),(92,5,'127.0.0.1','Mozilla/5.0 (X11; Linux x86_64) AppleWebKit/537.36 (KHTML, like Gecko) Ubuntu Chromium/49.0.2623.108 Chrome/49.0.2623.10'),(93,4,'127.0.0.1','Mozilla/5.0 (X11; Linux x86_64) AppleWebKit/537.36 (KHTML, like Gecko) Ubuntu Chromium/49.0.2623.108 Chrome/49.0.2623.10'),(94,4,'127.0.0.1','Mozilla/5.0 (X11; Linux x86_64) AppleWebKit/537.36 (KHTML, like Gecko) Ubuntu Chromium/49.0.2623.108 Chrome/49.0.2623.10'),(95,5,'127.0.0.1','Mozilla/5.0 (X11; Linux x86_64) AppleWebKit/537.36 (KHTML, like Gecko) Ubuntu Chromium/49.0.2623.108 Chrome/49.0.2623.10'),(96,5,'127.0.0.1','Mozilla/5.0 (X11; Linux x86_64) AppleWebKit/537.36 (KHTML, like Gecko) Ubuntu Chromium/49.0.2623.108 Chrome/49.0.2623.10'),(97,4,'127.0.0.1','Mozilla/5.0 (X11; Linux x86_64) AppleWebKit/537.36 (KHTML, like Gecko) Ubuntu Chromium/49.0.2623.108 Chrome/49.0.2623.10'),(98,5,'127.0.0.1','Mozilla/5.0 (X11; Linux x86_64) AppleWebKit/537.36 (KHTML, like Gecko) Ubuntu Chromium/49.0.2623.108 Chrome/49.0.2623.10'),(99,4,'127.0.0.1','Mozilla/5.0 (X11; Linux x86_64) AppleWebKit/537.36 (KHTML, like Gecko) Ubuntu Chromium/49.0.2623.108 Chrome/49.0.2623.10'),(100,5,'127.0.0.1','Mozilla/5.0 (X11; Linux x86_64) AppleWebKit/537.36 (KHTML, like Gecko) Ubuntu Chromium/49.0.2623.108 Chrome/49.0.2623.10'),(101,5,'127.0.0.1','Mozilla/5.0 (X11; Linux x86_64) AppleWebKit/537.36 (KHTML, like Gecko) Ubuntu Chromium/49.0.2623.108 Chrome/49.0.2623.10'),(102,4,'127.0.0.1','Mozilla/5.0 (X11; Linux x86_64) AppleWebKit/537.36 (KHTML, like Gecko) Ubuntu Chromium/49.0.2623.108 Chrome/49.0.2623.10'),(103,4,'127.0.0.1','Mozilla/5.0 (X11; Linux x86_64) AppleWebKit/537.36 (KHTML, like Gecko) Ubuntu Chromium/49.0.2623.108 Chrome/49.0.2623.10'),(104,4,'127.0.0.1','Mozilla/5.0 (X11; Linux x86_64) AppleWebKit/537.36 (KHTML, like Gecko) Ubuntu Chromium/49.0.2623.108 Chrome/49.0.2623.10'),(105,5,'127.0.0.1','Mozilla/5.0 (X11; Linux x86_64) AppleWebKit/537.36 (KHTML, like Gecko) Ubuntu Chromium/49.0.2623.108 Chrome/49.0.2623.10'),(106,4,'127.0.0.1','Mozilla/5.0 (X11; Linux x86_64) AppleWebKit/537.36 (KHTML, like Gecko) Ubuntu Chromium/49.0.2623.108 Chrome/49.0.2623.10'),(107,4,'127.0.0.1','Mozilla/5.0 (X11; Linux x86_64) AppleWebKit/537.36 (KHTML, like Gecko) Ubuntu Chromium/49.0.2623.108 Chrome/49.0.2623.10'),(108,5,'127.0.0.1','Mozilla/5.0 (X11; Linux x86_64) AppleWebKit/537.36 (KHTML, like Gecko) Ubuntu Chromium/49.0.2623.108 Chrome/49.0.2623.10'),(109,4,'127.0.0.1','Mozilla/5.0 (X11; Linux x86_64) AppleWebKit/537.36 (KHTML, like Gecko) Ubuntu Chromium/49.0.2623.108 Chrome/49.0.2623.10'),(110,4,'127.0.0.1','Mozilla/5.0 (X11; Linux x86_64) AppleWebKit/537.36 (KHTML, like Gecko) Ubuntu Chromium/49.0.2623.108 Chrome/49.0.2623.10'),(111,4,'127.0.0.1','Mozilla/5.0 (X11; Linux x86_64) AppleWebKit/537.36 (KHTML, like Gecko) Ubuntu Chromium/49.0.2623.108 Chrome/49.0.2623.10'),(112,1,'127.0.0.1','Mozilla/5.0 (X11; Linux x86_64) AppleWebKit/537.36 (KHTML, like Gecko) Ubuntu Chromium/49.0.2623.108 Chrome/49.0.2623.10'),(113,1,'127.0.0.1','Mozilla/5.0 (X11; Linux x86_64) AppleWebKit/537.36 (KHTML, like Gecko) Ubuntu Chromium/49.0.2623.108 Chrome/49.0.2623.10'),(114,4,'127.0.0.1','Mozilla/5.0 (X11; Linux x86_64) AppleWebKit/537.36 (KHTML, like Gecko) Ubuntu Chromium/49.0.2623.108 Chrome/49.0.2623.10'),(115,5,'127.0.0.1','Mozilla/5.0 (X11; Linux x86_64) AppleWebKit/537.36 (KHTML, like Gecko) Ubuntu Chromium/49.0.2623.108 Chrome/49.0.2623.10');
/*!40000 ALTER TABLE `success_logins` ENABLE KEYS */;
UNLOCK TABLES;

--
-- Table structure for table `users`
--

DROP TABLE IF EXISTS `users`;
/*!40101 SET @saved_cs_client     = @@character_set_client */;
/*!40101 SET character_set_client = utf8 */;
CREATE TABLE `users` (
  `id` int(10) unsigned NOT NULL AUTO_INCREMENT,
  `name` varchar(255) NOT NULL,
  `email` varchar(255) NOT NULL,
  `password` char(60) NOT NULL,
  `mustChangePassword` char(1) DEFAULT NULL,
  `profilesId` int(10) unsigned NOT NULL,
  `banned` char(1) NOT NULL,
  `suspended` char(1) NOT NULL,
  `active` char(1) DEFAULT NULL,
  PRIMARY KEY (`id`),
  KEY `profilesId` (`profilesId`)
) ENGINE=InnoDB AUTO_INCREMENT=12 DEFAULT CHARSET=utf8;
/*!40101 SET character_set_client = @saved_cs_client */;

--
-- Dumping data for table `users`
--

LOCK TABLES `users` WRITE;
/*!40000 ALTER TABLE `users` DISABLE KEYS */;
INSERT INTO `users` VALUES (1,'Pedro Freitas','pedrombf@lavaimagem.net','$2a$08$lnBlfRpYAE6h6Bh0SepXneYsICwWq3WiVvWgMlfg9ZI1frGEnDle2','N',2,'N','N','Y'),(2,'Rui Veríssimo','rverissimo@lavaimagem.net','$2a$08$lnBlfRpYAE6h6Bh0SepXneYsICwWq3WiVvWgMlfg9ZI1frGEnDle2','N',2,'Y','Y','Y'),(3,'Michael Serpa','michael.serpa@iol.pt','$2a$08$lnBlfRpYAE6h6Bh0SepXneYsICwWq3WiVvWgMlfg9ZI1frGEnDle2','N',1,'N','N','Y'),(4,'Luis Costa','luiscosta@lavaimagem.net','$2a$08$lnBlfRpYAE6h6Bh0SepXneYsICwWq3WiVvWgMlfg9ZI1frGEnDle2','N',2,'N','N','Y'),(5,'José Domingos','josedomingos@lavaimagem.net','$2a$08$lnBlfRpYAE6h6Bh0SepXneYsICwWq3WiVvWgMlfg9ZI1frGEnDle2','N',1,'N','N','Y'),(11,'Vitor Manso','josemdomingos@gmail.com','$2a$08$TWIXrrgIfufLIbOtoNxJWuwtjbfh2nJBV2SF3GiTjC1i4BdsHtIVO','N',2,'N','N','N');
/*!40000 ALTER TABLE `users` ENABLE KEYS */;
UNLOCK TABLES;

--
-- Table structure for table `utilizadores`
--

DROP TABLE IF EXISTS `utilizadores`;
/*!40101 SET @saved_cs_client     = @@character_set_client */;
/*!40101 SET character_set_client = utf8 */;
CREATE TABLE `utilizadores` (
  `id` int(10) unsigned NOT NULL AUTO_INCREMENT,
  `id_cliente` int(11) DEFAULT NULL,
  `nome` varchar(70) CHARACTER SET latin1 NOT NULL,
  `user` varchar(70) DEFAULT NULL,
  `email` varchar(70) CHARACTER SET latin1 NOT NULL,
  `password` varchar(100) NOT NULL,
  PRIMARY KEY (`id`)
) ENGINE=InnoDB AUTO_INCREMENT=5 DEFAULT CHARSET=utf8;
/*!40101 SET character_set_client = @saved_cs_client */;

--
-- Dumping data for table `utilizadores`
--

LOCK TABLES `utilizadores` WRITE;
/*!40000 ALTER TABLE `utilizadores` DISABLE KEYS */;
INSERT INTO `utilizadores` VALUES (1,NULL,'José Domingos',NULL,'josedomingos@lavaimagem.net',''),(2,NULL,'Pedro Freitas',NULL,'pedrombf@lavaimagem.net',''),(3,NULL,'Rute Borges',NULL,'ruteborges@lavaimagem.net',''),(4,NULL,'Vitor',NULL,'vitor@lavaimagem.net','');
/*!40000 ALTER TABLE `utilizadores` ENABLE KEYS */;
UNLOCK TABLES;

--
-- Table structure for table `veiculos`
--

DROP TABLE IF EXISTS `veiculos`;
/*!40101 SET @saved_cs_client     = @@character_set_client */;
/*!40101 SET character_set_client = utf8 */;
CREATE TABLE `veiculos` (
  `matricula` varchar(8) CHARACTER SET latin1 NOT NULL,
  `modelo` varchar(8) NOT NULL,
  `n_quadro` varchar(45) CHARACTER SET latin1 DEFAULT NULL,
  `ano` int(4) DEFAULT NULL,
  `mes` int(2) DEFAULT NULL,
  `cor` varchar(45) CHARACTER SET latin1 DEFAULT NULL,
  `tamanho_pneus` varchar(45) CHARACTER SET latin1 DEFAULT NULL,
  PRIMARY KEY (`matricula`),
  KEY `fk_veiculos_em_modelos_idx` (`modelo`)
) ENGINE=InnoDB DEFAULT CHARSET=utf8;
/*!40101 SET character_set_client = @saved_cs_client */;

--
-- Dumping data for table `veiculos`
--

LOCK TABLES `veiculos` WRITE;
/*!40000 ALTER TABLE `veiculos` DISABLE KEYS */;
INSERT INTO `veiculos` VALUES ('10-20-AB','007014-9','dfghj67890',2009,10,'Branco',''),('23-45-SD','006008-9','kljçljkfas23452435',2010,8,'Vermelho',''),('36-37-AR','009007-7','AB1234567890CD',1996,7,'Verde',NULL),('74-59-RD','009039-5','AB12345678',2001,6,'Azul','');
/*!40000 ALTER TABLE `veiculos` ENABLE KEYS */;
UNLOCK TABLES;
/*!40103 SET TIME_ZONE=@OLD_TIME_ZONE */;

/*!40101 SET SQL_MODE=@OLD_SQL_MODE */;
/*!40014 SET FOREIGN_KEY_CHECKS=@OLD_FOREIGN_KEY_CHECKS */;
/*!40014 SET UNIQUE_CHECKS=@OLD_UNIQUE_CHECKS */;
/*!40101 SET CHARACTER_SET_CLIENT=@OLD_CHARACTER_SET_CLIENT */;
/*!40101 SET CHARACTER_SET_RESULTS=@OLD_CHARACTER_SET_RESULTS */;
/*!40101 SET COLLATION_CONNECTION=@OLD_COLLATION_CONNECTION */;
/*!40111 SET SQL_NOTES=@OLD_SQL_NOTES */;

-- Dump completed on 2016-05-12 17:23:59
